date,no2_trop,co_trop
2024-01-01,0.00020569084546454957,0.0569368719188246
2024-01-02,0.0002328056369719796,0.0437725101790536
2024-01-03,,0.0558560562308604
2024-01-04,,
2024-01-05,,
2024-01-06,,0.0431526864345199
2024-01-07,0.00024345432960062768,0.0586316809058167
2024-01-08,0.000385968585157324,0.057905415877712
2024-01-09,,0.0444329269230349
2024-01-10,0.00016658845358185972,0.0440483055317422
2024-01-11,0.0002096211761672304,0.0497747845947724
2024-01-12,0.00035388497053644234,0.052927836983216
2024-01-13,0.000496899391772814,
2024-01-14,0.00026739659381422147,0.0477039981147206
2024-01-15,,0.0423233207092972
2024-01-16,,0.0502993911504726
2024-01-17,0.0002858345825173131,
2024-01-18,0.0004049137674426527,0.0536796455238201
2024-01-19,,0.04817721229364
2024-01-20,0.00035246625402443366,0.0587927269545085
2024-01-21,0.00015983904391767483,0.0500289276242237
2024-01-22,0.0002870061523745573,
2024-01-23,0.00035729718556383304,0.0656206811350305
2024-01-24,0.00019981722501392056,0.0577735483206923
2024-01-25,,0.0549686321123327
2024-01-26,0.000359026488346394,0.071922863411966
2024-01-27,0.00011538611640767984,0.0412445589900001
2024-01-28,,
2024-01-29,0.00019047869559538983,0.0664718272085285
2024-01-30,0.0003535584418580634,
2024-01-31,,
2024-02-01,,0.0433898195624335
2024-02-02,9.613742707403014e-05,
2024-02-03,,
2024-02-04,,
2024-02-05,0.00010560944245606214,0.0396985910618552
2024-02-06,8.899786725750103e-05,0.0388318039476857
2024-02-07,8.301735442670907e-05,0.0383077673025381
2024-02-08,6.130053952801744e-05,0.0392108295037078
2024-02-09,0.0001429879309576001,0.0378121325070856
2024-02-10,0.000290952832971635,
2024-02-11,0.00018806676962412197,0.044260231146547
2024-02-12,,
2024-02-13,0.0007144853244839091,
2024-02-14,0.00014785170358055314,0.0520552993823167
2024-02-15,0.00016322287115031275,0.0470176395173058
2024-02-16,,0.0353234573233968
2024-02-17,0.00013548791533382225,0.0396203510463223
2024-02-18,0.00014560490901109228,
2024-02-19,9.224796383217492e-05,
2024-02-20,0.00016552711965590465,0.0400485529842121
2024-02-21,,
2024-02-22,0.00012051391589237694,0.04464785509803
2024-02-23,0.00010200649218019882,0.039703774318504
2024-02-24,0.00026692353146911624,
2024-02-25,,
2024-02-26,,
2024-02-27,8.186718709732378e-05,
2024-02-28,9.415435332339128e-05,0.0382489166482
2024-02-29,0.00011709304825953032,0.038650658886943
2024-03-01,,
2024-03-02,,
2024-03-03,0.00015700375661253937,
2024-03-04,0.0001600727723364437,0.0373332001305931
2024-03-05,7.471934764848685e-05,0.0347927324473859
2024-03-06,0.00014234374058549364,
2024-03-07,0.00012209789613426453,0.0333136549564002
2024-03-08,0.0001267722402644436,0.0377702863546932
2024-03-09,,0.0390863065506854
2024-03-10,6.739981105493027e-05,
2024-03-11,0.00017888793230688834,
2024-03-12,9.309432248353898e-05,
2024-03-13,0.00018819453216026527,
2024-03-14,8.534164124872764e-05,
2024-03-15,8.127201528113854e-05,0.0337158553302289
2024-03-16,0.0002231929945620043,0.0449960511575677
2024-03-17,0.00015071546032038055,0.0423465743771752
2024-03-18,0.0001449000850196634,0.0390625791577756
2024-03-19,0.00013822087541666197,
2024-03-20,6.798208778491248e-05,
2024-03-21,0.00011920753749293132,0.0472003014621438
2024-03-22,0.0001192260759200299,
2024-03-23,,
2024-03-24,,
2024-03-25,5.347160267584693e-05,0.0350395540230905
2024-03-26,4.085299401455875e-05,
2024-03-27,8.512410349869817e-05,0.0465940013460309
2024-03-28,0.00014005930472838895,0.0469493083655832
2024-03-29,0.0001902840714236721,0.0479183234274385
2024-03-30,0.00012265310821727102,0.0441108925425464
2024-03-31,0.00011471843126199987,
2024-04-01,6.803524870080163e-05,
2024-04-02,0.00010919724150019155,0.0375750897224183
2024-04-03,0.0003131941930011663,0.0451536362430678
2024-04-04,0.00014477164502762303,
2024-04-05,7.156658398611458e-05,
2024-04-06,7.740606696065566e-05,
2024-04-07,0.00010076281710116716,0.0391210827213955
2024-04-08,0.00012279772488111283,0.04537448185043
2024-04-09,0.0003671558535530944,0.0465303137898441
2024-04-10,0.0001302115083125285,
2024-04-11,0.0001393716665916129,0.0467785257228795
2024-04-12,0.00016197309405123256,
2024-04-13,0.0001820985625593466,0.053554850786241
2024-04-14,7.552912066251922e-05,0.0415219686695396
2024-04-15,,
2024-04-16,9.729599442400692e-05,
2024-04-17,9.358738878078106e-05,0.039070893079041
2024-04-18,0.000100731292292116,0.0399358100062726
2024-04-19,0.0001276112273525703,0.0360900300596603
2024-04-20,0.0001101177421500066,
2024-04-21,7.235943443218398e-05,
2024-04-22,0.00010612589186265977,
2024-04-23,9.780400633122197e-05,
2024-04-24,0.00011268613129779342,0.0465380011104855
2024-04-25,0.00013689435257986245,0.0385831780731664
2024-04-26,0.00018591267315046483,
2024-04-27,9.357941598863942e-05,0.0411278866231427
2024-04-28,0.00010005202172678138,0.0425872657104001
2024-04-29,0.00013951884312494422,0.0482666826520663
2024-04-30,0.0001485185550796735,0.0408051638336677
2024-05-01,0.00011384392291061776,0.0360501603482189
2024-05-02,8.942367268435783e-05,
2024-05-03,8.833839550774668e-05,
2024-05-04,0.0001920115859082352,0.0582276519361357
2024-05-05,0.0001295792209193282,0.0502604761744018
2024-05-06,0.00012860749878785798,0.0430746861992934
2024-05-07,0.0002026464244716688,
2024-05-08,0.00012909977382930628,
2024-05-09,0.00010699127027046492,0.0496618484185755
2024-05-10,0.00012701073864928024,0.0610641944386322
2024-05-11,0.00014196856080354696,0.0558843675452615
2024-05-12,0.00016819543247086215,0.0459629327096037
2024-05-13,0.0001591871227112902,
2024-05-14,0.00018086761567375883,0.0693484693765615
2024-05-15,0.00015862818910653012,0.0586811743668092
2024-05-16,0.00019522282106397887,0.0574969723820666
2024-05-17,0.0001896776941425145,0.0653661489486671
2024-05-18,0.0001778095830087084,
2024-05-19,9.48935625486708e-05,
2024-05-20,9.78124773136618e-05,0.0505476506498653
2024-05-21,0.00024146732947129696,0.0458991665516884
2024-05-22,0.00011261670103866288,
2024-05-23,0.00010023626564816789,
2024-05-24,0.00011505017429841944,0.0471178805676533
2024-05-25,0.00010179511611762474,0.0529957298806814
2024-05-26,9.791659285780978e-05,0.0434996290518012
2024-05-27,0.00020963041537034588,0.0619725330613773
2024-05-28,0.0001318267499504954,
2024-05-29,0.00013129137967436447,
2024-05-30,0.00011550025374162534,0.0434692501120935
2024-05-31,0.00013430399121716144,0.0445069633424266
2024-06-01,7.636966922517754e-05,0.0385133735835538
2024-06-02,0.00011057128787645856,0.0448661379352826
2024-06-03,0.0001204438522108788,
2024-06-04,9.9934504849363e-05,0.0429243368660886
2024-06-05,9.640751119473644e-05,0.040024701505898
2024-06-06,0.00017576497379650932,0.0443649801458904
2024-06-07,0.00014452791806364665,0.0344392587876574
2024-06-08,7.989055505624682e-05,
2024-06-09,7.587167513268282e-05,0.0356498071087191
2024-06-10,,0.0398922495082715
2024-06-11,0.00011765033508753636,0.0375980585813509
2024-06-12,0.00012631770451274147,0.0454781823387697
2024-06-13,0.0001038526189842324,
2024-06-14,6.954284586602744e-05,0.0384064744664194
2024-06-15,8.417959148007403e-05,0.0373582392930971
2024-06-16,7.179462885486595e-05,0.0380413685232925
2024-06-17,8.335702911675136e-05,0.0404780060052857
2024-06-18,7.79611656176787e-05,0.0408221972737802
2024-06-19,7.201234257081269e-05,0.0330246053636062
2024-06-20,,
2024-06-21,,
2024-06-22,,
2024-06-23,,0.0419365661038265
2024-06-24,,
2024-06-25,,0.0521049723042726
2024-06-26,,
2024-06-27,,0.0487014709563087
2024-06-28,,
2024-06-29,,
2024-06-30,5.316419169725569e-05,0.04626877158427
2024-07-01,,0.0481287089199958
2024-07-02,,
2024-07-03,,
2024-07-04,,
2024-07-05,,
2024-07-06,,
2024-07-07,,
2024-07-08,,
2024-07-09,,
2024-07-10,,
2024-07-11,9.122230403590626e-05,0.0404323196826853
2024-07-12,,
2024-07-13,9.863912319754405e-05,0.0477170722422607
2024-07-14,0.00011002301563712568,0.0395496001041244
2024-07-15,,
2024-07-16,4.529852594714451e-05,0.0372227669271909
2024-07-17,,0.040036273303279
2024-07-18,8.18459154421617e-05,0.03896607525256
2024-07-19,,
2024-07-20,,0.0403804286025461
2024-07-21,,
2024-07-22,,
2024-07-23,,
2024-07-24,0.00013931246926626815,0.0518919869122576
2024-07-25,8.083095839122915e-05,0.0401380658149705
2024-07-26,,
2024-07-27,,0.0391852861364309
2024-07-28,8.083950524450926e-05,
2024-07-29,5.298133453058719e-05,0.0385971450682719
2024-07-30,9.776505673879756e-05,0.0339914008739409
2024-07-31,,
2024-08-01,,0.0366237014532076
2024-08-02,,
2024-08-03,4.850099976048593e-05,0.0318206882281813
2024-08-04,,0.0362007057210712
2024-08-05,,0.0333082018677531
2024-08-06,5.360135123157029e-05,0.0382925584349697
2024-08-07,,0.0381443591885703
2024-08-08,,0.0360983984011148
2024-08-09,,0.0331857746837423
2024-08-10,,0.0365507103768802
2024-08-11,,
2024-08-12,,
2024-08-13,,0.0412808399189731
2024-08-14,,0.0404089269319957
2024-08-15,,0.0360951137896204
2024-08-16,,
2024-08-17,,0.038236155655731
2024-08-18,,
2024-08-19,5.9551142472397445e-05,0.033307885947469
2024-08-20,,
2024-08-21,0.00011542666594378284,0.0400436357029801
2024-08-22,5.9570891390262026e-05,0.0353070324716481
2024-08-23,,
2024-08-24,,0.0416931323707092
2024-08-25,6.018071872808154e-05,0.0345575849872888
2024-08-26,,
2024-08-27,,0.034654904083658
2024-08-28,,0.0377926093387205
2024-08-29,,
2024-08-30,8.440102582413605e-05,0.0392865199025427
2024-08-31,8.402845115036472e-05,0.0346579663455483
2024-09-01,,0.037537846714258
2024-09-02,,0.0374668951680595
2024-09-03,5.407554999692324e-05,0.0380557763246898
2024-09-04,,
2024-09-05,0.00011877581048067384,0.0396069947587252
2024-09-06,,
2024-09-07,0.00010451510123115628,
2024-09-08,,
2024-09-09,,0.0414996292739414
2024-09-10,9.572895119644282e-05,0.0360562818937177
2024-09-11,,
2024-09-12,,
2024-09-13,,0.0358318871097652
2024-09-14,,0.0338632846831532
2024-09-15,7.19410228696732e-05,0.0440360754728315
2024-09-16,7.057623545637286e-05,0.038132484513293
2024-09-17,7.716091352146458e-05,0.0448619472839388
2024-09-18,,
2024-09-19,,0.0383629973295817
2024-09-20,0.00012082656030543112,0.0360844992101191
2024-09-21,,0.0380437560379504
2024-09-22,8.577889840526422e-05,0.0390134081244469
2024-09-23,,0.0409989319802686
2024-09-24,,
2024-09-25,,0.0419345013682808
2024-09-26,0.0001010043141910464,0.0408592975456472
2024-09-27,,0.0345585133664998
2024-09-28,,0.0420895810257228
2024-09-29,,0.0391095504164695
2024-09-30,7.378140640200302e-05,0.0434672647306206
2024-10-01,9.963539965231788e-05,
2024-10-02,7.239077955534338e-05,0.0386655680029002
2024-10-03,0.0001162494117104681,
2024-10-04,0.00010900095367105724,0.0392297006145898
2024-10-05,0.00011292884814006548,0.0361036234126117
2024-10-06,0.00012463983148336373,0.0372715217991543
2024-10-07,0.0001236638032910408,0.0388641323224523
2024-10-08,0.0002518357085403997,
2024-10-09,0.0001460981210503128,0.041632168627323
2024-10-10,8.639103069719967e-05,0.0379126781168177
2024-10-11,0.0001054248488407452,0.0395593762882889
2024-10-12,0.00012854411340906962,0.044021401822675
2024-10-13,0.00015877630567613424,0.0488530852437606
2024-10-14,0.00016881046393578424,0.0499842245239071
2024-10-15,0.00013775714620557785,0.0412599952381144
2024-10-16,0.00023726295367607173,
2024-10-17,0.00019416576287371724,0.0494600604053623
2024-10-18,0.00026392760738987983,0.0520343977518922
2024-10-19,0.0003143454213246363,
2024-10-20,0.0001589855205318755,0.0481190344389011
2024-10-21,0.000233857743536217,0.0531944463671621
2024-10-22,0.00013442226071764472,
2024-10-23,0.00011503836723277158,0.0578196800429123
2024-10-24,0.00014154291032282903,0.0455694157892255
2024-10-25,0.0001362699292598127,
2024-10-26,0.00012858888658228785,
2024-10-27,0.00014166094068385332,
2024-10-28,0.00016954969687310118,
2024-10-29,0.00020700829682982665,0.0488363300144348
2024-10-30,0.0003302210534456995,0.0529357441004009
2024-10-31,8.037359381367394e-05,0.0423976631254143
2024-11-01,0.0001038446755380902,0.038676864225194
2024-11-02,0.0002736238656739011,0.0614857857997419
2024-11-03,0.00020427293598278992,0.0545664495962867
2024-11-04,0.00019376013687440552,0.0582972960578275
2024-11-05,0.0001847796499630956,0.0554394017374136
2024-11-06,0.0003581790181860288,0.0668524801731084
2024-11-07,0.0001367719835776952,0.06682304292917
2024-11-08,0.00013140662860776063,0.0605499756660425
2024-11-09,7.96430749480255e-05,
2024-11-10,,0.0501769203917857
2024-11-11,0.0002142913468903399,0.057293264932892
2024-11-12,0.00015324433193979648,0.0462298022502444
2024-11-13,0.0001570972141995237,0.0637309579689847
2024-11-14,0.00013055150919783862,0.0565865778472917
2024-11-15,0.0001421369001588154,0.0556281919894806
2024-11-16,9.077100548892874e-05,0.0515838960739466
2024-11-17,6.763628334738063e-05,0.0690150633454297
2024-11-18,,0.0800062778374177
2024-11-19,,0.0659488867538526
2024-11-20,0.0001206476299373907,0.0493788234889488
2024-11-21,0.00011064230399626344,0.0513698053498524
2024-11-22,0.00022285474040534235,0.0604730285704113
2024-11-23,0.00019896567462619923,0.0530642459332247
2024-11-24,0.00013058164463988358,0.04778833378776
2024-11-25,,0.0577890312527843
2024-11-26,9.010768845391426e-05,0.0426965949143037
2024-11-27,0.00010479034813718976,0.0478654056787473
2024-11-28,0.00013624269736999597,0.048499359142344
2024-11-29,0.0002065994038545369,0.0459295175969583
2024-11-30,0.00012485942089303332,0.0408044736838965
2024-12-01,0.0001873855660631961,0.0442901474656097
2024-12-02,0.00011602251927289912,0.038475420325993
2024-12-03,0.0001128728176468884,0.040405179427328
2024-12-04,0.00011003018492636842,0.0400809765621236
2024-12-05,0.00015380176668769883,0.0399126456693205
2024-12-06,0.00013630808077695606,
2024-12-07,0.0002341024490976421,0.0451611180641738
2024-12-08,8.993612528795669e-05,0.0423244421105606
2024-12-09,0.00034134778650432915,0.0584176679211311
2024-12-10,0.00015098934662485,0.0385681240542544
2024-12-11,0.00012274331588365794,0.0366957597434507
2024-12-12,0.0001990399032365456,0.041096188127993
2024-12-13,8.525046904172805e-05,0.0361846685409532
2024-12-14,0.00017770694615768404,0.0422460746903345
2024-12-15,0.000250464543830653,0.0461645014584047
2024-12-16,0.00031563853544528493,0.0527426441861091
2024-12-17,0.00020679049683359997,0.0520356575540568
2024-12-18,0.0002805993434534123,0.0477832020209993
2024-12-19,0.00011122187264306016,0.0522382035851459
2024-12-20,0.00014621676690507778,0.0556337079586159
2024-12-21,0.00011902247668499002,0.0440614454471963
2024-12-22,0.00026417056262151273,0.055177255125284
2024-12-23,,0.0509472776207519
2024-12-24,,
2024-12-25,0.00014103438391222922,0.0461631499561788
2024-12-26,0.0002345369018233282,0.0425371533764769
2024-12-27,,
2024-12-28,,
2024-12-29,,0.0402419045567497
2024-12-30,0.00014098508023996682,0.0412124548821564
2024-12-31,0.0003505906860202752,0.0507631834943293
2025-01-01,0.0001728118544673021,0.0455820742123951
2025-01-02,,
2025-01-03,0.00025892828125505675,
2025-01-04,0.0003352888964177117,0.0582676748548726
2025-01-05,0.00020275257124075896,0.042988628149031
2025-01-06,,0.0582102211519401
2025-01-07,,
2025-01-08,0.00014993242776887897,0.045145782666396
2025-01-09,0.0005174040394505297,0.0577262213191879
2025-01-10,0.0001945792911085453,0.0455229582587422
2025-01-11,,
2025-01-12,,0.0554379189666362
2025-01-13,0.00011388717429709096,0.0472969937348744
2025-01-14,0.00017002134700305126,0.0439746079383561
2025-01-15,,0.0494528664884263
2025-01-16,0.0003484137985583489,0.0546380745537021
2025-01-17,0.0001753364191627742,0.0430777164749892
2025-01-18,0.0004130560555495168,
2025-01-19,0.00015662967834350307,0.0482547258370047
2025-01-20,9.168074757326054e-05,0.0445438213646395
2025-01-21,0.00013888853366563405,0.0413310229778274
2025-01-22,0.000149488158739809,0.0401101360860743
2025-01-23,0.00010664590047680024,0.0441387272086648
2025-01-24,0.00010324800527183218,0.0424656074212906
2025-01-25,0.0001173081517060927,0.0377137176692471
2025-01-26,9.531067420589088e-05,0.0391961075326608
2025-01-27,0.00012334351430698972,0.0402745787764117
2025-01-28,0.0001761671509900058,0.0418751630692761
2025-01-29,0.00021462816789709997,0.0491443466672011
2025-01-30,0.00010028230255329696,0.0483172104815639
2025-01-31,0.0002321347873420671,0.05564965056249
2025-02-01,0.00027682993012653284,
2025-02-02,9.336743138074016e-05,0.0514640876349714
2025-02-03,0.00015071873402197112,0.0412337495420892
2025-02-04,,0.0425437550478104
2025-02-05,6.331604128477562e-05,0.0391611781689648
2025-02-06,6.522130532725631e-05,0.0371190592556312
2025-02-07,0.0001158089670258698,0.0342720105170953
2025-02-08,0.0001183795130211737,
2025-02-09,0.0002185252815252089,0.0391669447277929
2025-02-10,0.00019823033653664597,0.0390397992372085
2025-02-11,0.0002212023391621105,
2025-02-12,7.403295788859516e-05,0.0338224534433926
2025-02-13,7.973502688845508e-05,0.0354354758308441
2025-02-14,7.654653867005792e-05,0.0400805060066212
2025-02-15,0.00010483861115062218,0.0427314219969646
2025-02-16,0.0005307379759399306,0.0558680102438567
2025-02-17,0.00040654274740768297,
2025-02-18,0.00016599115908642095,0.0374980379819009
2025-02-19,0.00014146696771301037,
2025-02-20,9.566472726873698e-05,0.0466261605106688
2025-02-21,0.00037028670157003183,0.0554189463964767
2025-02-22,0.00016695919567273932,0.0456854640498103
2025-02-23,0.00013876828230118956,0.0382623697173502
2025-02-24,0.00015064031230020198,
2025-02-25,0.0001208701044421843,
2025-02-26,0.00014567534225164126,0.0496247844576002
2025-02-27,,
2025-02-28,7.669730909146224e-05,0.0430709388351739
2025-03-01,0.0002689158800273185,0.0412947098670479
2025-03-02,8.380343933822593e-05,0.0355562604963781
2025-03-03,0.00026148136698310145,0.0498973214597935
2025-03-04,8.259169320894997e-05,0.0399072025577081
2025-03-05,8.272411187013097e-05,0.0306135408985381
2025-03-06,0.00012370885870441442,0.0352094266586494
2025-03-07,9.736550222890508e-05,
2025-03-08,8.689266415318066e-05,0.037015834015633
2025-03-09,0.00012902793499336887,0.0474057171822794
2025-03-10,0.00011750200345944662,
2025-03-11,,
2025-03-12,0.0001571188342293559,0.0422907586818838
2025-03-13,0.00023248272360901467,
2025-03-14,0.00010284496179359344,
2025-03-15,0.00014914426092258248,0.0362858536400868
2025-03-16,0.00012084606147551896,0.0337873405139829
2025-03-17,0.00010749742757312336,0.0380694996258205
2025-03-18,7.3107327608225e-05,0.0334863478995476
2025-03-19,9.423929675653368e-05,0.0371567581240453
2025-03-20,0.00013588272930943938,0.0386250650885589
2025-03-21,9.038501575079505e-05,0.0378362107862039
2025-03-22,0.00011577715284934516,0.0337604104329933
2025-03-23,0.00014516757780237067,
2025-03-24,0.0001781235766088896,0.0472985702515299
2025-03-25,0.00017964109779785792,
2025-03-26,0.0002115128247807848,0.0458450217717148
2025-03-27,9.252389635275504e-05,0.038488277989526
2025-03-28,0.0001056859844892608,
2025-03-29,,
2025-03-30,0.00010086140523357914,0.0382660159439645
2025-03-31,9.07364848871398e-05,0.0355022291276464
2025-04-01,0.00011273329886757458,0.0355229399321337
2025-04-02,0.00012954810157336682,0.0387966020064341
2025-04-03,0.00016329357777411694,0.0401283947076085
2025-04-04,0.00012724358156968396,0.0466069612732576
2025-04-05,0.00010952239609718976,0.0402189993171176
2025-04-06,0.000117009012796159,0.0455234566121418
2025-04-07,0.00016010307316256006,
2025-04-08,0.0001282800758072907,
2025-04-09,0.00012340115299473166,
2025-04-10,0.0001691501948742285,
2025-04-11,0.00013872951333268236,0.0393449662221806
2025-04-12,0.0001906166756870181,0.0412861001826931
2025-04-13,0.00015671682194806053,
2025-04-14,0.00012399969273246364,0.0437620315777576
2025-04-15,0.00014568965707439387,0.0443045138521057
2025-04-16,8.462283410677871e-05,
2025-04-17,0.00013783631365391836,
2025-04-18,0.00013068705613731188,
2025-04-19,9.054749536420114e-05,
2025-04-20,,0.0461071831331714
2025-04-21,0.0001744322071317522,0.0453233953086026
2025-04-22,0.0001553680980851759,0.0356925662760678
2025-04-23,0.00013383492282326983,0.039842706464004
2025-04-24,0.00014133661627933075,
2025-04-25,0.00012719999478565135,
2025-04-26,,
2025-04-27,0.00018029621583133917,0.049177460292192
2025-04-28,0.00015643693957115195,0.057229101788275
2025-04-29,0.00013159730416877058,
2025-04-30,0.00013496783797475818,
2025-05-01,0.00010530274998514228,0.0550857598930205
2025-05-02,,
2025-05-03,0.0001874377450729266,0.048814513612357
2025-05-04,,0.0533895851285814
2025-05-05,,
2025-05-06,0.0001283678937375207,0.0433769859963598
2025-05-07,0.00010877690490611323,0.0448134307205053
2025-05-08,0.0001090876742072025,0.0492687191416866
2025-05-09,0.00013833961809035366,0.0433883840490907
2025-05-10,,0.0462905576231887
2025-05-11,8.070600671805425e-05,
2025-05-12,9.89612744888256e-05,0.0422571077942833
2025-05-13,0.00011124405410445613,0.0436493655126212
2025-05-14,0.00011167590992495907,0.0355217587653518
2025-05-15,9.239715666869693e-05,0.0544570420963945
2025-05-16,0.0001364017098427158,0.0479905866285072
2025-05-17,8.488974386939847e-05,0.0406784273309332
2025-05-18,0.00012300281000187876,0.0435622446238979
2025-05-19,0.00010272176387933966,0.0420449115335926
2025-05-20,0.00012830446034289717,0.0455747544765456
2025-05-21,0.0001265974743887049,
2025-05-22,6.047288970390471e-05,0.0467296501009043
2025-05-23,9.130443471086052e-05,0.0431002994695828
2025-05-24,8.927350313065159e-05,0.0425513683518881
2025-05-25,,
2025-05-26,6.547864961995006e-05,0.0393812768161283
2025-05-27,,0.0390145714090498
2025-05-28,0.000109107940414003,0.0485781864256196
2025-05-29,0.00018083206643822563,0.0544045574475723
2025-05-30,,
2025-05-31,0.00019506871200630207,0.0521348169464872
2025-06-01,0.000107571782216212,0.0394718538072304
2025-06-02,9.060946882889656e-05,
2025-06-03,,
2025-06-04,0.00026537349888631974,0.0426489052964933
2025-06-05,0.00017248875143125844,
2025-06-06,0.0001314918153064719,0.0400766699490656
2025-06-07,8.642637895437727e-05,0.0444754734635337
2025-06-08,9.943120676325282e-05,0.0452003051574279
2025-06-09,9.255048647822125e-05,0.0420573890448523
2025-06-10,8.731077734019249e-05,0.0391151982325534
2025-06-11,8.12440180888437e-05,
2025-06-12,0.0001083423154932363,
2025-06-13,7.232295507297874e-05,0.0501795583949639
2025-06-14,0.00013255794570757513,0.0518757429832624
2025-06-15,8.330531674208005e-05,0.0507481760760501
2025-06-16,,
2025-06-17,,
2025-06-18,,0.0420762038248297
2025-06-19,8.7889290128938e-05,0.0349550223313985
2025-06-20,,
2025-06-21,7.040861985952362e-05,0.0444068846595855
2025-06-22,,
2025-06-23,,0.0433861192261991
2025-06-24,,
2025-06-25,,
2025-06-26,6.042513222044958e-05,0.0416821981528626
2025-06-27,6.736184206993728e-05,0.0358226553278227
2025-06-28,,
2025-06-29,,
2025-06-30,,
2025-07-01,,
2025-07-02,8.938550048286145e-05,0.0396287441253648
2025-07-03,,0.0399524876189905
2025-07-04,,
2025-07-05,,0.0342851616239543
2025-07-06,,
2025-07-07,9.908504580380044e-05,
2025-07-08,,0.0373080012294512
2025-07-09,,
2025-07-10,,
2025-07-11,,
2025-07-12,,
2025-07-13,0.00011373481567443904,0.0394841917175016
2025-07-14,,
2025-07-15,,0.0342445969581591
2025-07-16,,
2025-07-17,,
2025-07-18,3.608273147275789e-05,0.0371612398492686
2025-07-19,,
2025-07-20,,
2025-07-21,,
2025-07-22,,
2025-07-23,,
2025-07-24,5.183567722081033e-05,0.0375985714763015
2025-07-25,7.265158328887118e-05,0.0363231121166696
2025-07-26,0.00011950575458363547,0.0435622158100691
2025-07-27,6.391564110674759e-05,0.0377279200445329
2025-07-28,,
2025-07-29,,
2025-07-30,,0.0339233055724274
2025-07-31,,
2025-08-01,,0.0319443480841673
2025-08-02,,0.0354864472312647
2025-08-03,,
2025-08-04,,
2025-08-05,,
2025-08-06,6.807701227618912e-05,0.0386345541808729
2025-08-07,7.880376696863808e-05,0.0336612889329527
2025-08-08,6.007452612048399e-05,
2025-08-09,,
2025-08-10,,0.0435480069135254
2025-08-11,,
2025-08-12,5.21368369676279e-05,0.0439719268549522
2025-08-13,6.117082120893131e-05,0.0402013760633023
2025-08-14,,
2025-08-15,,0.0414350628023605
2025-08-16,,0.0429317153366333
2025-08-17,,0.0369858223126699
2025-08-18,5.640027526661875e-05,0.0383289579390252
2025-08-19,,
2025-08-20,5.328434452991224e-05,0.0393433274195426
2025-08-21,,0.0352165451058791
2025-08-22,,
2025-08-23,6.389153725104243e-05,0.0320220789919877
2025-08-24,,0.0363073337905465
2025-08-25,,
2025-08-26,,
2025-08-27,,0.0401108861289727
2025-08-28,,0.0378553859593932
2025-08-29,,
2025-08-30,,0.042119442975991
2025-08-31,,
2025-09-01,,0.0378679145108775
2025-09-02,,
2025-09-03,,
2025-09-04,,0.0369951616221409
2025-09-05,,0.0399478263598141
2025-09-06,5.0366404218097794e-05,0.0359039348388668
2025-09-07,,
2025-09-08,9.155718260614894e-05,0.033658820125846
2025-09-09,7.361817744296015e-05,0.0340956236550642
2025-09-10,5.0310653526764e-05,0.0354427668416422
2025-09-11,6.56516640447075e-05,0.0360881015658375
2025-09-12,,
2025-09-13,8.250850016468479e-05,0.0407016736678586
2025-09-14,,0.0384845547378062
2025-09-15,7.579943880742198e-05,0.0382749185614029
2025-09-16,0.00010262447538699724,0.0384564739588973
2025-09-17,,0.0400515571236607
2025-09-18,,0.0449707678858238
2025-09-19,7.966661946399021e-05,0.0335589953929695
2025-09-20,9.284928917606868e-05,0.0348033100051241
2025-09-21,6.379357102594832e-05,0.0351607232644578
2025-09-22,6.356831727316554e-05,0.0364391170442103
2025-09-23,6.802464332789424e-05,0.0349441887049806
2025-09-24,8.858821383708214e-05,0.0311640757319005
2025-09-25,0.00010448016372581692,0.034483487147878
2025-09-26,6.690593047773631e-05,
2025-09-27,0.00017919328108376286,
2025-09-28,0.00011015779988255443,0.0375988014358369
2025-09-29,8.520748992154524e-05,0.0362838511263318
2025-09-30,,
2025-10-01,8.319161003506819e-05,0.0423667533436863
2025-10-02,,0.0414930223799812
2025-10-03,,0.0385661014155111
2025-10-04,0.00011489600318243872,0.0399684759955217
2025-10-05,8.413216493293934e-05,0.042017067843505
2025-10-06,,
2025-10-07,7.250929181895956e-05,0.032640233011698
2025-10-08,0.00010112114504593076,0.0353272296488285
2025-10-09,7.447346568019855e-05,0.0296638730207019
2025-10-10,0.0001263918624658333,0.0379544273018837
2025-10-11,0.0001151631017535506,0.0381651684604517
2025-10-12,9.708272207689256e-05,
2025-10-13,0.0001069254343180528,
2025-10-14,0.00012345865272198896,
2025-10-15,0.00016962784969365796,
2025-10-16,0.00014394322104653045,0.0389622602459772
2025-10-17,0.0001032947393461702,
2025-10-18,0.0001445684459179286,
2025-10-19,0.0001857835643642006,0.0491120703518378
2025-10-20,0.00014665120889027867,0.0442781773508589
2025-10-21,,0.0379922169821807
2025-10-22,,
2025-10-23,,0.0519700695848105
2025-10-24,,0.0480290874838811
2025-10-25,,
2025-10-26,,0.0515986052237928
2025-10-27,,
2025-10-28,,
2025-10-29,,
2025-10-30,,
2025-10-31,,
2025-11-01,,0.0574576359684747
2025-11-02,,0.0514830287753774
2025-11-03,,0.0505100645377852
2025-11-04,0.00012462553934143608,
2025-11-05,0.0001284745144857397,0.0408856382736411
2025-11-06,0.00013601899867345216,0.0371532586514485
2025-11-07,0.00010138780934687272,
2025-11-08,8.506696189829779e-05,0.0456157922744734
2025-11-09,8.113087227079551e-05,0.0417106939619549
2025-11-10,0.00012162472623564387,0.0467680364189102
2025-11-11,0.00013144238880397763,0.0489969576246095
2025-11-12,0.00010576507227162776,0.0469938775471857
2025-11-13,9.879789909693197e-05,0.0488659478328347
2025-11-14,0.0001475037715863382,0.0540473014116267
2025-11-15,0.00011291872215224013,0.0506309293778255
2025-11-16,0.00011260104549166904,0.0388365983962998
2025-11-17,0.0001276229055929323,0.0447659022907759
2025-11-18,0.00013886882694959216,0.0515619914744043
2025-11-19,0.00021639391355572147,0.0566021590814686
2025-11-20,0.00020802653489301624,0.0602512442609962
2025-11-21,0.0001619095230770895,0.0531325991807498
2025-11-22,0.00014092104539750272,0.0505290239579377
2025-11-23,0.0002887690106070321,0.0545580866928403
2025-11-24,0.0001994154868158322,0.0482975852070805
2025-11-25,9.45177368487053e-05,0.0450705755655607
2025-11-26,0.00014995525262412505,0.0436831878585468
2025-11-27,0.00028599794634544143,0.0409218276650252
2025-11-28,0.0001488122345869442,0.0450884887968851
2025-11-29,8.059858131142519e-05,
2025-11-30,,
2025-12-01,0.00023633522724975228,0.0416551218556041
2025-12-02,0.00022207131393230488,0.0547434128820875
2025-12-03,0.00011630692157920792,0.0402604117989525
2025-12-04,0.0002065722902415516,
2025-12-05,0.00019058435739197608,0.0426060422212442
2025-12-06,9.547796592216426e-05,0.0402664751921535
2025-12-07,0.0001172277970764676,0.0362824468957219
2025-12-08,0.00012175202139025768,0.0343500046918044
2025-12-09,0.00014469961779118662,0.0411454023761989
2025-12-10,0.0001482678026064244,0.0412057265639289
2025-12-11,0.0001717076520435448,0.0401999652385696
2025-12-12,0.0003056462137678883,
2025-12-13,0.00040405918675590096,
2025-12-14,,
2025-12-15,0.0001554602154684614,0.0398783488307263
2025-12-16,9.112062485309084e-05,
2025-12-17,0.00012041703303111269,0.0442948063157027
2025-12-18,0.0002718026854603837,0.0548224185224648
2025-12-19,0.0003437343872004536,0.0522480032159654
2025-12-20,,0.0438434030151483
2025-12-21,0.00025966744645137337,
2025-12-22,0.00028424654507803814,0.0553678905594082
2025-12-23,0.0001462599798283505,0.0452283655696113
2025-12-24,0.00012650915530758395,
2025-12-25,0.00021609979332795588,0.0464077778160554
2025-12-26,0.0002351220073768847,0.0479008826936282
2025-12-27,0.0001811953887093256,
2025-12-28,0.00018071069810403147,0.0421371795237048
2025-12-29,0.0002725167274918891,0.0447267017886175
2025-12-30,0.0003705697206209642,
