timestamp_utc,timestamp_ist,date,hour,CO
2024-01-01 08:06:33,2024-01-01 13:36:33,2024-01-01,13,0.056936871918824655
2024-01-02 07:47:33,2024-01-02 13:17:33,2024-01-02,13,0.043772510179053675
2024-01-03 07:28:33,2024-01-03 12:58:33,2024-01-03,12,0.0558560562308604
2024-01-06 08:13:04,2024-01-06 13:43:04,2024-01-06,13,0.04315268643451998
2024-01-07 07:54:03,2024-01-07 13:24:03,2024-01-07,13,0.05863168090581677
2024-01-08 07:35:04,2024-01-08 13:05:04,2024-01-08,13,0.057905415877712044
2024-01-09 07:16:06,2024-01-09 12:46:06,2024-01-09,12,0.044432926923034924
2024-01-10 06:57:06,2024-01-10 12:27:06,2024-01-10,12,0.044048305531742216
2024-01-11 06:38:07,2024-01-11 12:08:07,2024-01-11,12,0.0497747845947724
2024-01-12 08:00:39,2024-01-12 13:30:39,2024-01-12,13,0.05292783698321603
2024-01-14 07:22:41,2024-01-14 12:52:41,2024-01-14,12,0.04770399811472064
2024-01-15 07:03:42,2024-01-15 12:33:42,2024-01-15,12,0.042323320709297285
2024-01-16 06:44:43,2024-01-16 12:14:43,2024-01-16,12,0.050299391150472675
2024-01-18 07:48:17,2024-01-18 13:18:17,2024-01-18,13,0.053679645523820145
2024-01-19 07:29:18,2024-01-19 12:59:18,2024-01-19,12,0.04817721229364007
2024-01-20 07:10:20,2024-01-20 12:40:20,2024-01-20,12,0.05879272695450855
2024-01-21 06:51:22,2024-01-21 12:21:22,2024-01-21,12,0.05002892762422376
2024-01-23 07:54:55,2024-01-23 13:24:55,2024-01-23,13,0.06562068113503054
2024-01-24 07:35:58,2024-01-24 13:05:58,2024-01-24,13,0.057773548320692314
2024-01-25 07:17:00,2024-01-25 12:47:00,2024-01-25,12,0.05496863211233271
2024-01-26 06:58:01,2024-01-26 12:28:01,2024-01-26,12,0.07192286341196609
2024-01-27 06:39:04,2024-01-27 12:09:04,2024-01-27,12,0.041244558990000145
2024-01-29 07:42:38,2024-01-29 13:12:38,2024-01-29,13,0.06647182720852852
2024-02-01 06:45:46,2024-02-01 12:15:46,2024-02-01,12,0.04338981956243354
2024-02-05 07:11:28,2024-02-05 12:41:28,2024-02-05,12,0.039698591061855255
2024-02-06 06:52:31,2024-02-06 12:22:31,2024-02-06,12,0.038831803947685706
2024-02-07 06:33:33,2024-02-07 12:03:33,2024-02-07,12,0.03830776730253814
2024-02-07 08:15:03,2024-02-07 13:45:03,2024-02-07,13,0.04230856577906327
2024-02-08 07:56:07,2024-02-08 13:26:07,2024-02-08,13,0.039210829503707835
2024-02-09 07:37:10,2024-02-09 13:07:10,2024-02-09,13,0.03781213250708564
2024-02-11 06:59:16,2024-02-11 12:29:16,2024-02-11,12,0.044260231146547
2024-02-14 07:43:57,2024-02-14 13:13:57,2024-02-14,13,0.05205529938231676
2024-02-15 07:24:59,2024-02-15 12:54:59,2024-02-15,12,0.047017639517305886
2024-02-16 07:06:04,2024-02-16 12:36:04,2024-02-16,12,0.035323457323396805
2024-02-17 06:47:07,2024-02-17 12:17:07,2024-02-17,12,0.0396203510463223
2024-02-20 07:31:47,2024-02-20 13:01:47,2024-02-20,13,0.040048552984212143
2024-02-22 06:53:56,2024-02-22 12:23:56,2024-02-22,12,0.04464785509803009
2024-02-23 06:35:00,2024-02-23 12:05:00,2024-02-23,12,0.039703774318504095
2024-02-23 08:16:31,2024-02-23 13:46:31,2024-02-23,13,0.04067862406372992
2024-02-28 06:42:00,2024-02-28 12:12:00,2024-02-28,12,0.03824891664820004
2024-02-29 08:04:36,2024-02-29 13:34:36,2024-02-29,13,0.03865065888694301
2024-03-04 06:48:59,2024-03-04 12:18:59,2024-03-04,12,0.03733320013059316
2024-03-05 06:30:04,2024-03-05 12:00:04,2024-03-05,12,0.03479273244738595
2024-03-05 08:11:35,2024-03-05 13:41:35,2024-03-05,13,0.040151582735211064
2024-03-07 07:33:46,2024-03-07 13:03:46,2024-03-07,13,0.0333136549564002
2024-03-08 07:14:52,2024-03-08 12:44:52,2024-03-08,12,0.03777028635469322
2024-03-09 06:55:58,2024-03-09 12:25:58,2024-03-09,12,0.039086306550685436
2024-03-15 06:44:04,2024-03-15 12:14:04,2024-03-15,12,0.03371585533022895
2024-03-16 08:06:41,2024-03-16 13:36:41,2024-03-16,13,0.04499605115756774
2024-03-17 07:47:46,2024-03-17 13:17:46,2024-03-17,13,0.0423465743771752
2024-03-18 07:28:53,2024-03-18 12:58:53,2024-03-18,12,0.039062579157775695
2024-03-21 06:32:12,2024-03-21 12:02:12,2024-03-21,12,0.04720030146214385
2024-03-25 06:58:06,2024-03-25 12:28:06,2024-03-25,12,0.03503955402309056
2024-03-27 08:01:48,2024-03-27 13:31:48,2024-03-27,13,0.04659400134603094
2024-03-28 07:42:54,2024-03-28 13:12:54,2024-03-28,13,0.046949308365583274
2024-03-29 07:24:00,2024-03-29 12:54:00,2024-03-29,12,0.04791832342743858
2024-03-30 07:05:06,2024-03-30 12:35:06,2024-03-30,12,0.04411089254254643
2024-04-02 07:49:52,2024-04-02 13:19:52,2024-04-02,13,0.037575089722418395
2024-04-03 07:30:58,2024-04-03 13:00:58,2024-04-03,13,0.04515363624306784
2024-04-07 07:56:49,2024-04-07 13:26:49,2024-04-07,13,0.03912108272139559
2024-04-08 07:37:55,2024-04-08 13:07:55,2024-04-08,13,0.04537448185043007
2024-04-09 07:19:00,2024-04-09 12:49:00,2024-04-09,12,0.04653031378984415
2024-04-11 06:41:10,2024-04-11 12:11:10,2024-04-11,12,0.04677852572287956
2024-04-13 07:44:50,2024-04-13 13:14:50,2024-04-13,13,0.05355485078624107
2024-04-14 07:25:55,2024-04-14 12:55:55,2024-04-14,12,0.04152196866953962
2024-04-17 08:10:39,2024-04-17 13:40:39,2024-04-17,13,0.039070893079041054
2024-04-18 07:51:44,2024-04-18 13:21:44,2024-04-18,13,0.03993581000627267
2024-04-19 07:32:48,2024-04-19 13:02:48,2024-04-19,13,0.036090030059660376
2024-04-24 07:39:38,2024-04-24 13:09:38,2024-04-24,13,0.04653800111048558
2024-04-25 07:20:41,2024-04-25 12:50:41,2024-04-25,12,0.03858317807316644
2024-04-27 08:24:18,2024-04-27 13:54:18,2024-04-27,13,0.041127886623142706
2024-04-28 08:05:21,2024-04-28 13:35:21,2024-04-28,13,0.04258726571040018
2024-04-29 07:46:23,2024-04-29 13:16:23,2024-04-29,13,0.04826668265206632
2024-04-30 07:27:27,2024-04-30 12:57:27,2024-04-30,12,0.040805163833667765
2024-05-01 07:08:30,2024-05-01 12:38:30,2024-05-01,12,0.036050160348218986
2024-05-04 07:53:07,2024-05-04 13:23:07,2024-05-04,13,0.05822765193613575
2024-05-05 07:34:10,2024-05-05 13:04:10,2024-05-05,13,0.05026047617440185
2024-05-06 07:15:12,2024-05-06 12:45:12,2024-05-06,12,0.04307468619929347
2024-05-09 07:59:49,2024-05-09 13:29:49,2024-05-09,13,0.0496618484185755
2024-05-10 07:40:51,2024-05-10 13:10:51,2024-05-10,13,0.061064194438632285
2024-05-11 07:21:53,2024-05-11 12:51:53,2024-05-11,12,0.05588436754526157
2024-05-12 07:02:53,2024-05-12 12:32:53,2024-05-12,12,0.04596293270960379
2024-05-14 08:06:26,2024-05-14 13:36:26,2024-05-14,13,0.06934846937656158
2024-05-15 07:47:27,2024-05-15 13:17:27,2024-05-15,13,0.05868117436680925
2024-05-16 07:28:29,2024-05-16 12:58:29,2024-05-16,12,0.057496972382066615
2024-05-17 07:09:29,2024-05-17 12:39:29,2024-05-17,12,0.06536614894866713
2024-05-20 07:53:59,2024-05-20 13:23:59,2024-05-20,13,0.050547650649865335
2024-05-21 07:35:01,2024-05-21 13:05:01,2024-05-21,13,0.04589916655168847
2024-05-24 06:37:59,2024-05-24 12:07:59,2024-05-24,12,0.047117880567653356
2024-05-25 08:00:30,2024-05-25 13:30:30,2024-05-25,13,0.052995729880681436
2024-05-26 07:41:29,2024-05-26 13:11:29,2024-05-26,13,0.04349962905180127
2024-05-27 07:22:27,2024-05-27 12:52:27,2024-05-27,12,0.06197253306137734
2024-05-30 08:06:54,2024-05-30 13:36:54,2024-05-30,13,0.04346925011209357
2024-05-31 07:47:53,2024-05-31 13:17:53,2024-05-31,13,0.04450696334242663
2024-06-01 07:28:51,2024-06-01 12:58:51,2024-06-01,12,0.03851337358355386
2024-06-02 07:09:50,2024-06-02 12:39:50,2024-06-02,12,0.0448661379352826
2024-06-04 08:13:16,2024-06-04 13:43:16,2024-06-04,13,0.042924336866088604
2024-06-05 07:54:13,2024-06-05 13:24:13,2024-06-05,13,0.04002470150589802
2024-06-06 07:35:14,2024-06-06 13:05:14,2024-06-06,13,0.04436498014589046
2024-06-07 07:16:14,2024-06-07 12:46:14,2024-06-07,12,0.034439258787657405
2024-06-09 06:38:15,2024-06-09 12:08:15,2024-06-09,12,0.035649807108719164
2024-06-10 08:00:46,2024-06-10 13:30:46,2024-06-10,13,0.03989224950827155
2024-06-11 07:41:45,2024-06-11 13:11:45,2024-06-11,13,0.03759805858135091
2024-06-12 07:22:46,2024-06-12 12:52:46,2024-06-12,12,0.0454781823387697
2024-06-14 06:44:46,2024-06-14 12:14:46,2024-06-14,12,0.0384064744664194
2024-06-15 08:07:15,2024-06-15 13:37:15,2024-06-15,13,0.03735823929309714
2024-06-16 07:48:13,2024-06-16 13:18:13,2024-06-16,13,0.03804136852329255
2024-06-17 07:29:14,2024-06-17 12:59:14,2024-06-17,12,0.04047800600528574
2024-06-18 07:10:12,2024-06-18 12:40:12,2024-06-18,12,0.040822197273780246
2024-06-19 06:51:12,2024-06-19 12:21:12,2024-06-19,12,0.03302460536360624
2024-06-23 07:16:36,2024-06-23 12:46:36,2024-06-23,12,0.04193656610382651
2024-06-25 06:38:32,2024-06-25 12:08:32,2024-06-25,12,0.05210497230427263
2024-06-25 08:20:03,2024-06-25 13:50:03,2024-06-25,13,0.05412463022651243
2024-06-27 07:41:58,2024-06-27 13:11:58,2024-06-27,13,0.04870147095630879
2024-06-30 06:44:51,2024-06-30 12:14:51,2024-06-30,12,0.04626877158427003
2024-06-30 08:26:21,2024-06-30 13:56:21,2024-06-30,13,0.04674519509587226
2024-07-01 08:07:18,2024-07-01 13:37:18,2024-07-01,13,0.04812870891999587
2024-07-11 06:38:16,2024-07-11 12:08:16,2024-07-11,12,0.040432319682685305
2024-07-13 07:41:37,2024-07-13 13:11:37,2024-07-13,13,0.04771707224226071
2024-07-14 07:22:33,2024-07-14 12:52:33,2024-07-14,12,0.039549600104124415
2024-07-16 06:44:24,2024-07-16 12:14:24,2024-07-16,12,0.03722276692719095
2024-07-17 08:06:49,2024-07-17 13:36:49,2024-07-17,13,0.040036273303279045
2024-07-18 07:47:45,2024-07-18 13:17:45,2024-07-18,13,0.038966075252560094
2024-07-20 07:09:35,2024-07-20 12:39:35,2024-07-20,12,0.04038042860254613
2024-07-24 07:34:44,2024-07-24 13:04:44,2024-07-24,13,0.051891986912257694
2024-07-25 07:15:39,2024-07-25 12:45:39,2024-07-25,12,0.04013806581497051
2024-07-27 06:37:27,2024-07-27 12:07:27,2024-07-27,12,0.03918528613643098
2024-07-27 08:18:57,2024-07-27 13:48:57,2024-07-27,13,0.04188207965225785
2024-07-29 07:40:46,2024-07-29 13:10:46,2024-07-29,13,0.038597145068271936
2024-07-30 07:21:40,2024-07-30 12:51:40,2024-07-30,12,0.033991400873940904
2024-08-01 06:43:27,2024-08-01 12:13:27,2024-08-01,12,0.03662370145320763
2024-08-01 08:24:57,2024-08-01 13:54:57,2024-08-01,13,0.038931195317242415
2024-08-03 07:46:43,2024-08-03 13:16:43,2024-08-03,13,0.03182068822818135
2024-08-04 07:27:37,2024-08-04 12:57:37,2024-08-04,12,0.0362007057210712
2024-08-05 07:08:31,2024-08-05 12:38:31,2024-08-05,12,0.033308201867753136
2024-08-06 06:49:23,2024-08-06 12:19:23,2024-08-06,12,0.0382925584349697
2024-08-07 08:11:46,2024-08-07 13:41:46,2024-08-07,13,0.038144359188570336
2024-08-08 07:52:40,2024-08-08 13:22:40,2024-08-08,13,0.036098398401114846
2024-08-09 07:33:32,2024-08-09 13:03:32,2024-08-09,13,0.033185774683742356
2024-08-10 07:14:26,2024-08-10 12:44:26,2024-08-10,12,0.03655071037688027
2024-08-13 07:58:32,2024-08-13 13:28:32,2024-08-13,13,0.04128083991897315
2024-08-14 07:39:25,2024-08-14 13:09:25,2024-08-14,13,0.04040892693199573
2024-08-15 07:20:17,2024-08-15 12:50:17,2024-08-15,12,0.03609511378962046
2024-08-17 06:42:02,2024-08-17 12:12:02,2024-08-17,12,0.038236155655731
2024-08-19 07:45:14,2024-08-19 13:15:14,2024-08-19,13,0.03330788594746903
2024-08-21 07:06:57,2024-08-21 12:36:57,2024-08-21,12,0.04004363570298014
2024-08-22 06:47:48,2024-08-22 12:17:48,2024-08-22,12,0.03530703247164812
2024-08-24 07:51:01,2024-08-24 13:21:01,2024-08-24,13,0.04169313237070921
2024-08-25 07:31:51,2024-08-25 13:01:51,2024-08-25,13,0.03455758498728886
2024-08-27 06:53:34,2024-08-27 12:23:34,2024-08-27,12,0.03465490408365801
2024-08-28 06:34:24,2024-08-28 12:04:24,2024-08-28,12,0.03779260933872055
2024-08-28 08:15:53,2024-08-28 13:45:53,2024-08-28,13,0.039747230627415704
2024-08-30 07:37:35,2024-08-30 13:07:35,2024-08-30,13,0.03928651990254271
2024-08-31 07:18:26,2024-08-31 12:48:26,2024-08-31,12,0.034657966345548394
2024-09-01 06:59:17,2024-09-01 12:29:17,2024-09-01,12,0.03753784671425808
2024-09-02 06:40:07,2024-09-02 12:10:07,2024-09-02,12,0.037466895168059504
2024-09-02 08:21:37,2024-09-02 13:51:37,2024-09-02,13,0.04099044576287224
2024-09-03 08:02:27,2024-09-03 13:32:27,2024-09-03,13,0.03805577632468988
2024-09-05 07:24:09,2024-09-05 12:54:09,2024-09-05,12,0.03960699475872521
2024-09-09 07:49:13,2024-09-09 13:19:13,2024-09-09,13,0.04149962927394145
2024-09-10 07:30:07,2024-09-10 13:00:07,2024-09-10,13,0.03605628189371772
2024-09-13 06:32:46,2024-09-13 12:02:46,2024-09-13,12,0.035831887109765245
2024-09-14 07:55:08,2024-09-14 13:25:08,2024-09-14,13,0.03386328468315324
2024-09-15 07:36:01,2024-09-15 13:06:01,2024-09-15,13,0.04403607547283158
2024-09-16 07:16:54,2024-09-16 12:46:54,2024-09-16,12,0.03813248451329302
2024-09-17 06:57:46,2024-09-17 12:27:46,2024-09-17,12,0.04486194728393886
2024-09-19 08:01:00,2024-09-19 13:31:00,2024-09-19,13,0.03836299732958171
2024-09-20 07:41:53,2024-09-20 13:11:53,2024-09-20,13,0.036084499210119136
2024-09-21 07:22:45,2024-09-21 12:52:45,2024-09-21,12,0.0380437560379504
2024-09-22 07:03:37,2024-09-22 12:33:37,2024-09-22,12,0.0390134081244469
2024-09-23 06:44:30,2024-09-23 12:14:30,2024-09-23,12,0.040998931980268674
2024-09-25 07:47:44,2024-09-25 13:17:44,2024-09-25,13,0.04193450136828082
2024-09-26 07:28:36,2024-09-26 12:58:36,2024-09-26,12,0.040859297545647204
2024-09-27 07:09:28,2024-09-27 12:39:28,2024-09-27,12,0.03455851336649989
2024-09-28 06:50:20,2024-09-28 12:20:20,2024-09-28,12,0.04208958102572282
2024-09-29 06:31:12,2024-09-29 12:01:12,2024-09-29,12,0.039109550416469595
2024-09-29 08:12:41,2024-09-29 13:42:41,2024-09-29,13,0.03940731356404743
2024-09-30 07:53:33,2024-09-30 13:23:33,2024-09-30,13,0.04346726473062069
2024-10-02 07:15:16,2024-10-02 12:45:16,2024-10-02,12,0.038665568002900226
2024-10-04 06:37:00,2024-10-04 12:07:00,2024-10-04,12,0.03922970061458981
2024-10-04 08:18:29,2024-10-04 13:48:29,2024-10-04,13,0.03953669965267168
2024-10-05 07:59:21,2024-10-05 13:29:21,2024-10-05,13,0.0361036234126117
2024-10-06 07:40:12,2024-10-06 13:10:12,2024-10-06,13,0.0372715217991543
2024-10-07 07:21:02,2024-10-07 12:51:02,2024-10-07,12,0.038864132322452366
2024-10-09 06:42:44,2024-10-09 12:12:44,2024-10-09,12,0.04163216862732303
2024-10-10 08:05:05,2024-10-10 13:35:05,2024-10-10,13,0.03791267811681778
2024-10-11 07:45:56,2024-10-11 13:15:56,2024-10-11,13,0.03955937628828899
2024-10-12 07:26:47,2024-10-12 12:56:47,2024-10-12,12,0.04402140182267502
2024-10-13 07:07:38,2024-10-13 12:37:38,2024-10-13,12,0.0488530852437606
2024-10-14 06:48:29,2024-10-14 12:18:29,2024-10-14,12,0.04998422452390711
2024-10-15 06:29:20,2024-10-15 11:59:20,2024-10-15,11,0.041259995238114466
2024-10-15 08:10:49,2024-10-15 13:40:49,2024-10-15,13,0.0409107380453996
2024-10-17 07:32:30,2024-10-17 13:02:30,2024-10-17,13,0.04946006040536239
2024-10-18 07:13:21,2024-10-18 12:43:21,2024-10-18,12,0.052034397751892274
2024-10-20 06:35:02,2024-10-20 12:05:02,2024-10-20,12,0.04811903443890112
2024-10-21 07:57:23,2024-10-21 13:27:23,2024-10-21,13,0.05319444636716214
2024-10-23 07:19:05,2024-10-23 12:49:05,2024-10-23,12,0.05781968004291234
2024-10-24 06:59:56,2024-10-24 12:29:56,2024-10-24,12,0.04556941578922551
2024-10-29 07:05:39,2024-10-29 12:35:39,2024-10-29,12,0.048836330014434805
2024-10-30 06:46:30,2024-10-30 12:16:30,2024-10-30,12,0.05293574410040098
2024-10-31 06:27:21,2024-10-31 11:57:21,2024-10-31,11,0.04239766312541436
2024-11-01 07:49:40,2024-11-01 13:19:40,2024-11-01,13,0.038676864225194084
2024-11-02 07:30:31,2024-11-02 13:00:31,2024-11-02,13,0.06148578579974196
2024-11-03 07:11:22,2024-11-03 12:41:22,2024-11-03,12,0.054566449596286724
2024-11-04 06:52:12,2024-11-04 12:22:12,2024-11-04,12,0.05829729605782753
2024-11-05 06:33:03,2024-11-05 12:03:03,2024-11-05,12,0.05543940173741361
2024-11-05 08:14:32,2024-11-05 13:44:32,2024-11-05,13,0.05670641848813007
2024-11-06 07:55:23,2024-11-06 13:25:23,2024-11-06,13,0.06685248017310848
2024-11-07 07:36:14,2024-11-07 13:06:14,2024-11-07,13,0.06682304292917003
2024-11-08 07:17:04,2024-11-08 12:47:04,2024-11-08,12,0.060549975666042526
2024-11-10 06:38:46,2024-11-10 12:08:46,2024-11-10,12,0.05017692039178578
2024-11-11 08:01:05,2024-11-11 13:31:05,2024-11-11,13,0.057293264932892086
2024-11-12 07:41:56,2024-11-12 13:11:56,2024-11-12,13,0.04622980225024447
2024-11-13 07:22:46,2024-11-13 12:52:46,2024-11-13,12,0.0637309579689847
2024-11-14 07:03:41,2024-11-14 12:33:41,2024-11-14,12,0.05658657784729174
2024-11-15 06:44:35,2024-11-15 12:14:35,2024-11-15,12,0.05562819198948069
2024-11-16 06:25:32,2024-11-16 11:55:32,2024-11-16,11,0.05158389607394665
2024-11-17 07:47:57,2024-11-17 13:17:57,2024-11-17,13,0.0690150633454297
2024-11-18 07:28:55,2024-11-18 12:58:55,2024-11-18,12,0.08000627783741776
2024-11-19 07:09:51,2024-11-19 12:39:51,2024-11-19,12,0.06594888675385265
2024-11-20 06:50:47,2024-11-20 12:20:47,2024-11-20,12,0.049378823488948884
2024-11-21 06:31:43,2024-11-21 12:01:43,2024-11-21,12,0.05136980534985243
2024-11-21 08:13:13,2024-11-21 13:43:13,2024-11-21,13,0.0540167874321491
2024-11-22 07:54:09,2024-11-22 13:24:09,2024-11-22,13,0.06047302857041134
2024-11-23 07:35:05,2024-11-23 13:05:05,2024-11-23,13,0.05306424593322474
2024-11-24 07:16:03,2024-11-24 12:46:03,2024-11-24,12,0.04778833378776007
2024-11-25 06:57:00,2024-11-25 12:27:00,2024-11-25,12,0.05778903125278436
2024-11-26 06:37:56,2024-11-26 12:07:56,2024-11-26,12,0.042696594914303714
2024-11-27 08:00:22,2024-11-27 13:30:22,2024-11-27,13,0.0478654056787473
2024-11-28 07:41:20,2024-11-28 13:11:20,2024-11-28,13,0.04849935914234402
2024-11-29 07:22:17,2024-11-29 12:52:17,2024-11-29,12,0.045929517596958354
2024-11-30 07:03:14,2024-11-30 12:33:14,2024-11-30,12,0.04080447368389658
2024-12-01 06:44:11,2024-12-01 12:14:11,2024-12-01,12,0.04429014746560974
2024-12-02 06:25:08,2024-12-02 11:55:08,2024-12-02,11,0.03847542032599306
2024-12-03 07:47:35,2024-12-03 13:17:35,2024-12-03,13,0.040405179427328
2024-12-04 07:28:32,2024-12-04 12:58:32,2024-12-04,12,0.040080976562123616
2024-12-05 07:09:30,2024-12-05 12:39:30,2024-12-05,12,0.039912645669320526
2024-12-07 06:31:25,2024-12-07 12:01:25,2024-12-07,12,0.04516111806417386
2024-12-07 08:12:55,2024-12-07 13:42:55,2024-12-07,13,0.044801803232899576
2024-12-08 07:53:52,2024-12-08 13:23:52,2024-12-08,13,0.04232444211056063
2024-12-09 07:34:52,2024-12-09 13:04:52,2024-12-09,13,0.0584176679211311
2024-12-10 07:15:49,2024-12-10 12:45:49,2024-12-10,12,0.03856812405425448
2024-12-11 06:56:47,2024-12-11 12:26:47,2024-12-11,12,0.03669575974345071
2024-12-12 06:37:46,2024-12-12 12:07:46,2024-12-12,12,0.041096188127993004
2024-12-13 08:00:14,2024-12-13 13:30:14,2024-12-13,13,0.036184668540953244
2024-12-14 07:41:13,2024-12-14 13:11:13,2024-12-14,13,0.042246074690334506
2024-12-15 07:22:11,2024-12-15 12:52:11,2024-12-15,12,0.046164501458404734
2024-12-16 07:03:10,2024-12-16 12:33:10,2024-12-16,12,0.052742644186109175
2024-12-17 06:44:08,2024-12-17 12:14:08,2024-12-17,12,0.05203565755405682
2024-12-18 06:25:08,2024-12-18 11:55:08,2024-12-18,11,0.04778320202099932
2024-12-18 08:06:38,2024-12-18 13:36:38,2024-12-18,13,0.05257201373311192
2024-12-19 07:47:37,2024-12-19 13:17:37,2024-12-19,13,0.05223820358514591
2024-12-20 07:28:36,2024-12-20 12:58:36,2024-12-20,12,0.055633707958615934
2024-12-21 07:09:36,2024-12-21 12:39:36,2024-12-21,12,0.04406144544719633
2024-12-22 06:50:34,2024-12-22 12:20:34,2024-12-22,12,0.055177255125284014
2024-12-23 06:31:34,2024-12-23 12:01:34,2024-12-23,12,0.05094727762075198
2024-12-23 08:13:03,2024-12-23 13:43:03,2024-12-23,13,0.048279915367888525
2024-12-25 07:35:03,2024-12-25 13:05:03,2024-12-25,13,0.04616314995617882
2024-12-26 07:16:03,2024-12-26 12:46:03,2024-12-26,12,0.04253715337647696
2024-12-29 08:00:32,2024-12-29 13:30:32,2024-12-29,13,0.040241904556749745
2024-12-30 07:41:33,2024-12-30 13:11:33,2024-12-30,13,0.04121245488215646
2024-12-31 07:22:33,2024-12-31 12:52:33,2024-12-31,12,0.050763183494329345
2025-01-01 07:03:34,2025-01-01 12:33:34,2025-01-01,12,0.04558207421239516
2025-01-04 07:48:05,2025-01-04 13:18:05,2025-01-04,13,0.05826767485487262
2025-01-05 07:29:05,2025-01-05 12:59:05,2025-01-05,12,0.042988628149031
2025-01-06 07:10:07,2025-01-06 12:40:07,2025-01-06,12,0.058210221151940106
2025-01-08 06:32:08,2025-01-08 12:02:08,2025-01-08,12,0.045145782666396
2025-01-09 07:54:39,2025-01-09 13:24:39,2025-01-09,13,0.05772622131918797
2025-01-10 07:35:41,2025-01-10 13:05:41,2025-01-10,13,0.04552295825874225
2025-01-12 06:57:43,2025-01-12 12:27:43,2025-01-12,12,0.05543791896663624
2025-01-13 06:38:45,2025-01-13 12:08:45,2025-01-13,12,0.04729699373487448
2025-01-14 08:01:16,2025-01-14 13:31:16,2025-01-14,13,0.04397460793835612
2025-01-15 07:42:17,2025-01-15 13:12:17,2025-01-15,13,0.049452866488426304
2025-01-16 07:23:19,2025-01-16 12:53:19,2025-01-16,12,0.054638074553702176
2025-01-17 07:04:21,2025-01-17 12:34:21,2025-01-17,12,0.043077716474989224
2025-01-19 06:26:24,2025-01-19 11:56:24,2025-01-19,11,0.04825472583700477
2025-01-20 07:48:58,2025-01-20 13:18:58,2025-01-20,13,0.04454382136463954
2025-01-21 07:29:59,2025-01-21 12:59:59,2025-01-21,12,0.04133102297782744
2025-01-22 07:11:01,2025-01-22 12:41:01,2025-01-22,12,0.040110136086074326
2025-01-23 06:52:03,2025-01-23 12:22:03,2025-01-23,12,0.04413872720866487
2025-01-24 06:33:05,2025-01-24 12:03:05,2025-01-24,12,0.04246560742129069
2025-01-24 08:14:36,2025-01-24 13:44:36,2025-01-24,13,0.04380046480601344
2025-01-25 07:55:38,2025-01-25 13:25:38,2025-01-25,13,0.03771371766924718
2025-01-26 07:36:41,2025-01-26 13:06:41,2025-01-26,13,0.039196107532660826
2025-01-27 07:17:43,2025-01-27 12:47:43,2025-01-27,12,0.04027457877641171
2025-01-28 06:58:46,2025-01-28 12:28:46,2025-01-28,12,0.04187516306927614
2025-01-29 06:39:48,2025-01-29 12:09:48,2025-01-29,12,0.04914434666720114
2025-01-30 08:02:22,2025-01-30 13:32:22,2025-01-30,13,0.048317210481563955
2025-01-31 07:43:23,2025-01-31 13:13:23,2025-01-31,13,0.05564965056249007
2025-02-02 07:05:29,2025-02-02 12:35:29,2025-02-02,12,0.051464087634971435
2025-02-03 06:46:33,2025-02-03 12:16:33,2025-02-03,12,0.041233749542089276
2025-02-04 06:27:36,2025-02-04 11:57:36,2025-02-04,11,0.04254375504781045
2025-02-05 07:50:08,2025-02-05 13:20:08,2025-02-05,13,0.039161178168964896
2025-02-06 07:31:12,2025-02-06 13:01:12,2025-02-06,13,0.037119059255631214
2025-02-07 07:12:15,2025-02-07 12:42:15,2025-02-07,12,0.03427201051709536
2025-02-09 06:34:21,2025-02-09 12:04:21,2025-02-09,12,0.03916694472779296
2025-02-09 08:15:52,2025-02-09 13:45:52,2025-02-09,13,0.0385974322579431
2025-02-10 07:56:55,2025-02-10 13:26:55,2025-02-10,13,0.03903979923720858
2025-02-12 07:19:01,2025-02-12 12:49:01,2025-02-12,12,0.03382245344339266
2025-02-13 07:00:05,2025-02-13 12:30:05,2025-02-13,12,0.03543547583084413
2025-02-14 06:41:08,2025-02-14 12:11:08,2025-02-14,12,0.04008050600662124
2025-02-15 08:03:41,2025-02-15 13:33:41,2025-02-15,13,0.0427314219969646
2025-02-16 07:44:45,2025-02-16 13:14:45,2025-02-16,13,0.055868010243856715
2025-02-18 07:06:52,2025-02-18 12:36:52,2025-02-18,12,0.03749803798190093
2025-02-20 06:28:59,2025-02-20 11:58:59,2025-02-20,11,0.04662616051066888
2025-02-21 07:51:34,2025-02-21 13:21:34,2025-02-21,13,0.05541894639647671
2025-02-22 07:32:37,2025-02-22 13:02:37,2025-02-22,13,0.045685464049810366
2025-02-23 07:13:41,2025-02-23 12:43:41,2025-02-23,12,0.03826236971735029
2025-02-26 07:58:22,2025-02-26 13:28:22,2025-02-26,13,0.049624784457600206
2025-02-28 07:20:30,2025-02-28 12:50:30,2025-02-28,12,0.04307093883517395
2025-03-01 07:01:33,2025-03-01 12:31:33,2025-03-01,12,0.041294709867047946
2025-03-02 06:42:37,2025-03-02 12:12:37,2025-03-02,12,0.035556260496378105
2025-03-03 08:05:10,2025-03-03 13:35:10,2025-03-03,13,0.04989732145979354
2025-03-04 07:46:14,2025-03-04 13:16:14,2025-03-04,13,0.03990720255770818
2025-03-05 07:27:17,2025-03-05 12:57:17,2025-03-05,12,0.030613540898538155
2025-03-06 07:08:22,2025-03-06 12:38:22,2025-03-06,12,0.03520942665864941
2025-03-08 06:30:29,2025-03-08 12:00:29,2025-03-08,12,0.037015834015633034
2025-03-09 07:53:03,2025-03-09 13:23:03,2025-03-09,13,0.04740571718227948
2025-03-12 06:56:14,2025-03-12 12:26:14,2025-03-12,12,0.04229075868188389
2025-03-15 07:41:03,2025-03-15 13:11:03,2025-03-15,13,0.03628585364008683
2025-03-16 07:22:10,2025-03-16 12:52:10,2025-03-16,12,0.03378734051398295
2025-03-17 07:03:15,2025-03-17 12:33:15,2025-03-17,12,0.03806949962582053
2025-03-18 06:44:22,2025-03-18 12:14:22,2025-03-18,12,0.033486347899547644
2025-03-19 08:06:59,2025-03-19 13:36:59,2025-03-19,13,0.037156758124045376
2025-03-20 07:48:05,2025-03-20 13:18:05,2025-03-20,13,0.03862506508855893
2025-03-21 07:29:11,2025-03-21 12:59:11,2025-03-21,12,0.0378362107862039
2025-03-22 07:10:18,2025-03-22 12:40:18,2025-03-22,12,0.03376041043299334
2025-03-24 06:32:29,2025-03-24 12:02:29,2025-03-24,12,0.047298570251529996
2025-03-26 07:36:12,2025-03-26 13:06:12,2025-03-26,13,0.045845021771714844
2025-03-27 07:17:18,2025-03-27 12:47:18,2025-03-27,12,0.03848827798952602
2025-03-30 08:02:06,2025-03-30 13:32:06,2025-03-30,13,0.038266015943964504
2025-03-31 07:43:11,2025-03-31 13:13:11,2025-03-31,13,0.03550222912764644
2025-04-01 07:24:17,2025-04-01 12:54:17,2025-04-01,12,0.035522939932133735
2025-04-02 07:05:23,2025-04-02 12:35:23,2025-04-02,12,0.03879660200643417
2025-04-03 06:46:28,2025-04-03 12:16:28,2025-04-03,12,0.0401283947076085
2025-04-04 08:09:04,2025-04-04 13:39:04,2025-04-04,13,0.046606961273257676
2025-04-05 07:50:09,2025-04-05 13:20:09,2025-04-05,13,0.04021899931711765
2025-04-06 07:31:14,2025-04-06 13:01:14,2025-04-06,13,0.04552345661214186
2025-04-11 07:38:14,2025-04-11 13:08:14,2025-04-11,13,0.03934496622218065
2025-04-12 07:19:22,2025-04-12 12:49:22,2025-04-12,12,0.04128610018269314
2025-04-14 06:41:36,2025-04-14 12:11:36,2025-04-14,12,0.04376203157775765
2025-04-15 08:04:13,2025-04-15 13:34:13,2025-04-15,13,0.04430451385210578
2025-04-20 08:11:17,2025-04-20 13:41:17,2025-04-20,13,0.04610718313317144
2025-04-21 07:52:23,2025-04-21 13:22:23,2025-04-21,13,0.04532339530860265
2025-04-22 07:33:30,2025-04-22 13:03:30,2025-04-22,13,0.03569256627606783
2025-04-23 07:14:36,2025-04-23 12:44:36,2025-04-23,12,0.03984270646400408
2025-04-27 07:40:30,2025-04-27 13:10:30,2025-04-27,13,0.049177460292192
2025-04-28 07:21:36,2025-04-28 12:51:36,2025-04-28,12,0.05722910178827502
2025-05-01 08:06:23,2025-05-01 13:36:23,2025-05-01,13,0.055085759893020544
2025-05-03 07:28:34,2025-05-03 12:58:34,2025-05-03,12,0.048814513612357044
2025-05-04 07:09:38,2025-05-04 12:39:38,2025-05-04,12,0.053389585128581496
2025-05-06 08:13:20,2025-05-06 13:43:20,2025-05-06,13,0.04337698599635981
2025-05-07 07:54:24,2025-05-07 13:24:24,2025-05-07,13,0.04481343072050535
2025-05-08 07:35:28,2025-05-08 13:05:28,2025-05-08,13,0.04926871914168664
2025-05-09 07:16:33,2025-05-09 12:46:33,2025-05-09,12,0.04338838404909076
2025-05-10 06:57:37,2025-05-10 12:27:37,2025-05-10,12,0.04629055762318872
2025-05-12 08:01:15,2025-05-12 13:31:15,2025-05-12,13,0.042257107794283336
2025-05-13 07:42:19,2025-05-13 13:12:19,2025-05-13,13,0.043649365512621205
2025-05-14 07:23:24,2025-05-14 12:53:24,2025-05-14,12,0.035521758765351893
2025-05-15 07:04:28,2025-05-15 12:34:28,2025-05-15,12,0.054457042096394556
2025-05-16 08:27:01,2025-05-16 13:57:01,2025-05-16,13,0.04799058662850727
2025-05-17 08:08:05,2025-05-17 13:38:05,2025-05-17,13,0.04067842733093325
2025-05-18 07:49:08,2025-05-18 13:19:08,2025-05-18,13,0.04356224462389792
2025-05-19 07:30:12,2025-05-19 13:00:12,2025-05-19,13,0.04204491153359265
2025-05-20 07:11:16,2025-05-20 12:41:16,2025-05-20,12,0.045574754476545645
2025-05-22 08:14:51,2025-05-22 13:44:51,2025-05-22,13,0.04672965010090439
2025-05-23 07:55:55,2025-05-23 13:25:55,2025-05-23,13,0.0431002994695828
2025-05-24 07:36:57,2025-05-24 13:06:57,2025-05-24,13,0.042551368351888184
2025-05-26 06:59:03,2025-05-26 12:29:03,2025-05-26,12,0.0393812768161283
2025-05-27 06:40:05,2025-05-27 12:10:05,2025-05-27,12,0.0390145714090498
2025-05-27 08:21:35,2025-05-27 13:51:35,2025-05-27,13,0.04339663684367981
2025-05-28 08:02:38,2025-05-28 13:32:38,2025-05-28,13,0.04857818642561963
2025-05-29 07:43:39,2025-05-29 13:13:39,2025-05-29,13,0.05440455744757236
2025-05-31 07:05:43,2025-05-31 12:35:43,2025-05-31,12,0.05213481694648727
2025-06-01 06:46:45,2025-06-01 12:16:45,2025-06-01,12,0.03947185380723043
2025-06-01 08:28:15,2025-06-01 13:58:15,2025-06-01,13,0.03767078046701442
2025-06-04 07:31:20,2025-06-04 13:01:20,2025-06-04,13,0.04264890529649331
2025-06-06 06:53:22,2025-06-06 12:23:22,2025-06-06,12,0.040076669949065676
2025-06-07 08:15:53,2025-06-07 13:45:53,2025-06-07,13,0.044475473463533734
2025-06-08 07:56:53,2025-06-08 13:26:53,2025-06-08,13,0.045200305157427935
2025-06-09 07:37:53,2025-06-09 13:07:53,2025-06-09,13,0.04205738904485237
2025-06-10 07:18:54,2025-06-10 12:48:54,2025-06-10,12,0.03911519823255347
2025-06-13 08:03:25,2025-06-13 13:33:25,2025-06-13,13,0.05017955839496394
2025-06-14 07:44:25,2025-06-14 13:14:25,2025-06-14,13,0.05187574298326241
2025-06-15 07:25:25,2025-06-15 12:55:25,2025-06-15,12,0.0507481760760501
2025-06-18 08:09:54,2025-06-18 13:39:54,2025-06-18,13,0.04207620382482977
2025-06-19 07:50:54,2025-06-19 13:20:54,2025-06-19,13,0.03495502233139856
2025-06-21 07:12:52,2025-06-21 12:42:52,2025-06-21,12,0.04440688465958555
2025-06-23 08:16:19,2025-06-23 13:46:19,2025-06-23,13,0.04338611922619917
2025-06-26 07:19:16,2025-06-26 12:49:16,2025-06-26,12,0.04168219815286267
2025-06-27 07:00:14,2025-06-27 12:30:14,2025-06-27,12,0.03582265532782271
2025-07-02 07:06:34,2025-07-02 12:36:34,2025-07-02,12,0.03962874412536481
2025-07-03 06:47:31,2025-07-03 12:17:31,2025-07-03,12,0.03995248761899054
2025-07-05 07:50:56,2025-07-05 13:20:56,2025-07-05,13,0.03428516162395431
2025-07-08 06:53:49,2025-07-08 12:23:49,2025-07-08,12,0.037308001229451264
2025-07-13 07:00:02,2025-07-13 12:30:02,2025-07-13,12,0.039484191717501664
2025-07-15 08:03:25,2025-07-15 13:33:25,2025-07-15,13,0.034244596958159186
2025-07-18 07:06:14,2025-07-18 12:36:14,2025-07-18,12,0.03716123984926869
2025-07-24 06:53:17,2025-07-24 12:23:17,2025-07-24,12,0.03759857147630155
2025-07-25 08:15:43,2025-07-25 13:45:43,2025-07-25,13,0.036323112116669685
2025-07-26 07:56:39,2025-07-26 13:26:39,2025-07-26,13,0.04356221581006911
2025-07-27 07:37:34,2025-07-27 13:07:34,2025-07-27,13,0.037727920044532993
2025-07-30 06:40:19,2025-07-30 12:10:19,2025-07-30,12,0.033923305572427474
2025-08-01 07:43:37,2025-08-01 13:13:37,2025-08-01,13,0.03194434808416737
2025-08-02 07:24:33,2025-08-02 12:54:33,2025-08-02,12,0.03548644723126474
2025-08-06 07:49:40,2025-08-06 13:19:40,2025-08-06,13,0.03863455418087293
2025-08-07 07:30:35,2025-08-07 13:00:35,2025-08-07,13,0.033661288932952775
2025-08-10 08:14:47,2025-08-10 13:44:47,2025-08-10,13,0.04354800691352543
2025-08-12 07:36:34,2025-08-12 13:06:34,2025-08-12,13,0.043971926854952284
2025-08-13 07:17:27,2025-08-13 12:47:27,2025-08-13,12,0.04020137606330235
2025-08-15 06:39:16,2025-08-15 12:09:16,2025-08-15,12,0.041435062802360534
2025-08-16 08:01:39,2025-08-16 13:31:39,2025-08-16,13,0.04293171533663337
2025-08-17 07:42:32,2025-08-17 13:12:32,2025-08-17,13,0.036985822312669954
2025-08-18 07:23:26,2025-08-18 12:53:26,2025-08-18,12,0.03832895793902529
2025-08-20 06:45:12,2025-08-20 12:15:12,2025-08-20,12,0.03934332741954262
2025-08-21 08:07:35,2025-08-21 13:37:35,2025-08-21,13,0.035216545105879106
2025-08-23 07:29:22,2025-08-23 12:59:22,2025-08-23,12,0.032022078991987765
2025-08-24 07:10:15,2025-08-24 12:40:15,2025-08-24,12,0.0363073337905465
2025-08-27 07:54:22,2025-08-27 13:24:22,2025-08-27,13,0.04011088612897275
2025-08-28 07:35:16,2025-08-28 13:05:16,2025-08-28,13,0.037855385959393244
2025-08-30 06:57:01,2025-08-30 12:27:01,2025-08-30,12,0.04211944297599109
2025-09-01 08:00:16,2025-09-01 13:30:16,2025-09-01,13,0.03786791451087756
2025-09-04 07:02:52,2025-09-04 12:32:52,2025-09-04,12,0.036995161622140976
2025-09-05 06:43:46,2025-09-05 12:13:46,2025-09-05,12,0.03994782635981415
2025-09-06 08:06:07,2025-09-06 13:36:07,2025-09-06,13,0.035903934838866815
2025-09-08 07:27:51,2025-09-08 12:57:51,2025-09-08,12,0.033658820125846
2025-09-09 07:08:43,2025-09-09 12:38:43,2025-09-09,12,0.034095623655064265
2025-09-10 06:49:35,2025-09-10 12:19:35,2025-09-10,12,0.035442766841642284
2025-09-11 08:11:56,2025-09-11 13:41:56,2025-09-11,13,0.036088101565837576
2025-09-13 07:33:40,2025-09-13 13:03:40,2025-09-13,13,0.040701673667858686
2025-09-14 07:14:31,2025-09-14 12:44:31,2025-09-14,12,0.0384845547378062
2025-09-15 06:55:23,2025-09-15 12:25:23,2025-09-15,12,0.03827491856140294
2025-09-16 06:36:16,2025-09-16 12:06:16,2025-09-16,12,0.038456473958897376
2025-09-16 08:17:44,2025-09-16 13:47:44,2025-09-16,13,0.04042286798357932
2025-09-17 07:58:36,2025-09-17 13:28:36,2025-09-17,13,0.04005155712366073
2025-09-18 07:39:27,2025-09-18 13:09:27,2025-09-18,13,0.04497076788582388
2025-09-19 07:20:19,2025-09-19 12:50:19,2025-09-19,12,0.033558995392969554
2025-09-20 07:01:10,2025-09-20 12:31:10,2025-09-20,12,0.03480331000512412
2025-09-21 06:42:02,2025-09-21 12:12:02,2025-09-21,12,0.03516072326445786
2025-09-21 08:23:32,2025-09-21 13:53:32,2025-09-21,13,0.035631269216537365
2025-09-22 08:04:24,2025-09-22 13:34:24,2025-09-22,13,0.036439117044210316
2025-09-23 07:45:14,2025-09-23 13:15:14,2025-09-23,13,0.03494418870498064
2025-09-24 07:26:06,2025-09-24 12:56:06,2025-09-24,12,0.031164075731900515
2025-09-25 07:06:58,2025-09-25 12:36:58,2025-09-25,12,0.03448348714787805
2025-09-28 07:51:00,2025-09-28 13:21:00,2025-09-28,13,0.03759880143583692
2025-09-29 07:31:51,2025-09-29 13:01:51,2025-09-29,13,0.03628385112633185
2025-10-01 06:53:33,2025-10-01 12:23:33,2025-10-01,12,0.04236675334368635
2025-10-02 06:34:24,2025-10-02 12:04:24,2025-10-02,12,0.04149302237998124
2025-10-02 08:15:53,2025-10-02 13:45:53,2025-10-02,13,0.038131664533491524
2025-10-03 07:56:44,2025-10-03 13:26:44,2025-10-03,13,0.03856610141551115
2025-10-04 07:37:35,2025-10-04 13:07:35,2025-10-04,13,0.03996847599552172
2025-10-05 07:18:27,2025-10-05 12:48:27,2025-10-05,12,0.042017067843505035
2025-10-07 06:40:07,2025-10-07 12:10:07,2025-10-07,12,0.03264023301169801
2025-10-08 08:02:28,2025-10-08 13:32:28,2025-10-08,13,0.03532722964882852
2025-10-09 07:43:18,2025-10-09 13:13:18,2025-10-09,13,0.029663873020701937
2025-10-10 07:24:10,2025-10-10 12:54:10,2025-10-10,12,0.03795442730188372
2025-10-11 07:04:59,2025-10-11 12:34:59,2025-10-11,12,0.03816516846045176
2025-10-16 07:10:42,2025-10-16 12:40:42,2025-10-16,12,0.03896226024597728
2025-10-19 07:54:45,2025-10-19 13:24:45,2025-10-19,13,0.04911207035183786
2025-10-20 07:35:34,2025-10-20 13:05:34,2025-10-20,13,0.04427817735085895
2025-10-21 07:16:26,2025-10-21 12:46:26,2025-10-21,12,0.0379922169821807
2025-10-23 08:19:39,2025-10-23 13:49:39,2025-10-23,13,0.05197006958481056
2025-10-24 08:00:33,2025-10-24 13:30:33,2025-10-24,13,0.048029087483881114
2025-10-26 07:22:22,2025-10-26 12:52:22,2025-10-26,12,0.0515986052237928
2025-11-01 07:09:22,2025-11-01 12:39:22,2025-11-01,12,0.05745763596847472
2025-11-02 06:50:15,2025-11-02 12:20:15,2025-11-02,12,0.0514830287753774
2025-11-03 06:31:11,2025-11-03 12:01:11,2025-11-03,12,0.050510064537785254
2025-11-05 07:34:31,2025-11-05 13:04:31,2025-11-05,13,0.04088563827364119
2025-11-06 07:15:26,2025-11-06 12:45:26,2025-11-06,12,0.03715325865144851
2025-11-08 06:37:17,2025-11-08 12:07:17,2025-11-08,12,0.0456157922744734
2025-11-08 08:18:46,2025-11-08 13:48:46,2025-11-08,13,0.04650542885064906
2025-11-09 07:59:42,2025-11-09 13:29:42,2025-11-09,13,0.04171069396195497
2025-11-10 07:40:37,2025-11-10 13:10:37,2025-11-10,13,0.046768036418910294
2025-11-11 07:21:32,2025-11-11 12:51:32,2025-11-11,12,0.048996957624609525
2025-11-12 07:02:28,2025-11-12 12:32:28,2025-11-12,12,0.0469938775471857
2025-11-13 06:43:24,2025-11-13 12:13:24,2025-11-13,12,0.048865947832834766
2025-11-14 08:05:49,2025-11-14 13:35:49,2025-11-14,13,0.05404730141162672
2025-11-15 07:46:45,2025-11-15 13:16:45,2025-11-15,13,0.05063092937782558
2025-11-16 07:27:41,2025-11-16 12:57:41,2025-11-16,12,0.038836598396299826
2025-11-17 07:08:36,2025-11-17 12:38:36,2025-11-17,12,0.04476590229077597
2025-11-18 06:49:32,2025-11-18 12:19:32,2025-11-18,12,0.051561991474404364
2025-11-19 08:11:57,2025-11-19 13:41:57,2025-11-19,13,0.0566021590814686
2025-11-20 07:52:53,2025-11-20 13:22:53,2025-11-20,13,0.06025124426099622
2025-11-21 07:33:50,2025-11-21 13:03:50,2025-11-21,13,0.053132599180749834
2025-11-22 07:14:47,2025-11-22 12:44:47,2025-11-22,12,0.05052902395793772
2025-11-23 06:55:43,2025-11-23 12:25:43,2025-11-23,12,0.054558086692840346
2025-11-24 06:36:39,2025-11-24 12:06:39,2025-11-24,12,0.04829758520708055
2025-11-24 08:18:10,2025-11-24 13:48:10,2025-11-24,13,0.046967659081554224
2025-11-25 07:59:06,2025-11-25 13:29:06,2025-11-25,13,0.04507057556556077
2025-11-26 07:40:04,2025-11-26 13:10:04,2025-11-26,13,0.043683187858546864
2025-11-27 07:21:00,2025-11-27 12:51:00,2025-11-27,12,0.04092182766502524
2025-11-28 07:01:57,2025-11-28 12:31:57,2025-11-28,12,0.04508848879688514
2025-12-01 07:46:19,2025-12-01 13:16:19,2025-12-01,13,0.04165512185560412
2025-12-02 07:27:15,2025-12-02 12:57:15,2025-12-02,12,0.05474341288208758
2025-12-03 07:08:13,2025-12-03 12:38:13,2025-12-03,12,0.04026041179895252
2025-12-05 06:30:09,2025-12-05 12:00:09,2025-12-05,12,0.04260604222124427
2025-12-05 08:11:40,2025-12-05 13:41:40,2025-12-05,13,0.04442515090634269
2025-12-06 07:52:37,2025-12-06 13:22:37,2025-12-06,13,0.04026647519215357
2025-12-07 07:33:35,2025-12-07 13:03:35,2025-12-07,13,0.036282446895721944
2025-12-08 07:14:33,2025-12-08 12:44:33,2025-12-08,12,0.03435000469180441
2025-12-09 06:55:31,2025-12-09 12:25:31,2025-12-09,12,0.04114540237619895
2025-12-10 06:36:29,2025-12-10 12:06:29,2025-12-10,12,0.041205726563928985
2025-12-11 07:58:57,2025-12-11 13:28:57,2025-12-11,13,0.040199965238569675
2025-12-15 06:42:53,2025-12-15 12:12:53,2025-12-15,12,0.03987834883072638
2025-12-17 07:46:21,2025-12-17 13:16:21,2025-12-17,13,0.04429480631570279
2025-12-18 07:27:21,2025-12-18 12:57:21,2025-12-18,12,0.054822418522464895
2025-12-19 07:08:21,2025-12-19 12:38:21,2025-12-19,12,0.052248003215965476
2025-12-20 06:49:20,2025-12-20 12:19:20,2025-12-20,12,0.043843403015148316
2025-12-22 07:52:50,2025-12-22 13:22:50,2025-12-22,13,0.05536789055940822
2025-12-23 07:33:50,2025-12-23 13:03:50,2025-12-23,13,0.045228365569611365
2025-12-25 06:55:51,2025-12-25 12:25:51,2025-12-25,12,0.04640777781605548
2025-12-26 06:36:50,2025-12-26 12:06:50,2025-12-26,12,0.04790088269362826
2025-12-28 07:40:21,2025-12-28 13:10:21,2025-12-28,13,0.04213717952370487
2025-12-29 07:21:23,2025-12-29 12:51:23,2025-12-29,12,0.04472670178861753
