timestamp_utc,timestamp_ist,date,hour,NO2
2024-01-01 08:06:33,2024-01-01 13:36:33,2024-01-01,13,2.0569084546454954E-4
2024-01-02 07:47:33,2024-01-02 13:17:33,2024-01-02,13,2.3280563697197957E-4
2024-01-07 07:54:03,2024-01-07 13:24:03,2024-01-07,13,2.4345432960062768E-4
2024-01-08 07:35:04,2024-01-08 13:05:04,2024-01-08,13,3.8596858515732395E-4
2024-01-10 06:57:06,2024-01-10 12:27:06,2024-01-10,12,1.6658845358185972E-4
2024-01-11 06:38:07,2024-01-11 12:08:07,2024-01-11,12,2.096211761672304E-4
2024-01-12 08:00:39,2024-01-12 13:30:39,2024-01-12,13,3.5388497053644234E-4
2024-01-13 07:41:39,2024-01-13 13:11:39,2024-01-13,13,4.96899391772814E-4
2024-01-14 07:22:41,2024-01-14 12:52:41,2024-01-14,12,2.6739659381422147E-4
2024-01-17 08:07:15,2024-01-17 13:37:15,2024-01-17,13,2.858345825173131E-4
2024-01-18 07:48:17,2024-01-18 13:18:17,2024-01-18,13,4.049137674426527E-4
2024-01-20 07:10:20,2024-01-20 12:40:20,2024-01-20,12,3.5246625402443366E-4
2024-01-21 06:51:22,2024-01-21 12:21:22,2024-01-21,12,1.5983904391767483E-4
2024-01-22 06:32:23,2024-01-22 12:02:23,2024-01-22,12,2.870061523745573E-4
2024-01-22 08:13:53,2024-01-22 13:43:53,2024-01-22,13,5.368376150727073E-4
2024-01-23 07:54:55,2024-01-23 13:24:55,2024-01-23,13,3.5729718556383304E-4
2024-01-24 07:35:58,2024-01-24 13:05:58,2024-01-24,13,1.9981722501392056E-4
2024-01-26 06:58:01,2024-01-26 12:28:01,2024-01-26,12,3.59026488346394E-4
2024-01-27 06:39:04,2024-01-27 12:09:04,2024-01-27,12,1.1538611640767985E-4
2024-01-29 07:42:38,2024-01-29 13:12:38,2024-01-29,13,1.9047869559538983E-4
2024-01-30 07:23:42,2024-01-30 12:53:42,2024-01-30,12,3.535584418580634E-4
2024-02-02 06:26:49,2024-02-02 11:56:49,2024-02-02,11,9.613742707403014E-5
2024-02-02 08:08:19,2024-02-02 13:38:19,2024-02-02,13,8.438186563766679E-5
2024-02-05 07:11:28,2024-02-05 12:41:28,2024-02-05,12,1.0560944245606214E-4
2024-02-06 06:52:31,2024-02-06 12:22:31,2024-02-06,12,8.899786725750103E-5
2024-02-07 06:33:33,2024-02-07 12:03:33,2024-02-07,12,8.301735442670907E-5
2024-02-07 08:15:03,2024-02-07 13:45:03,2024-02-07,13,5.300565692936104E-5
2024-02-08 07:56:07,2024-02-08 13:26:07,2024-02-08,13,6.130053952801744E-5
2024-02-09 07:37:10,2024-02-09 13:07:10,2024-02-09,13,1.429879309576001E-4
2024-02-10 07:18:14,2024-02-10 12:48:14,2024-02-10,12,2.90952832971635E-4
2024-02-11 06:59:16,2024-02-11 12:29:16,2024-02-11,12,1.8806676962412194E-4
2024-02-13 08:02:54,2024-02-13 13:32:54,2024-02-13,13,7.144853244839091E-4
2024-02-14 07:43:57,2024-02-14 13:13:57,2024-02-14,13,1.4785170358055314E-4
2024-02-15 07:24:59,2024-02-15 12:54:59,2024-02-15,12,1.6322287115031275E-4
2024-02-17 06:47:07,2024-02-17 12:17:07,2024-02-17,12,1.3548791533382225E-4
2024-02-18 08:09:41,2024-02-18 13:39:41,2024-02-18,13,1.4560490901109228E-4
2024-02-19 07:50:44,2024-02-19 13:20:44,2024-02-19,13,9.224796383217492E-5
2024-02-20 07:31:47,2024-02-20 13:01:47,2024-02-20,13,1.6552711965590463E-4
2024-02-22 06:53:56,2024-02-22 12:23:56,2024-02-22,12,1.2051391589237694E-4
2024-02-23 06:35:00,2024-02-23 12:05:00,2024-02-23,12,1.0200649218019882E-4
2024-02-23 08:16:31,2024-02-23 13:46:31,2024-02-23,13,9.426086252266594E-5
2024-02-24 07:57:37,2024-02-24 13:27:37,2024-02-24,13,2.6692353146911624E-4
2024-02-27 07:00:53,2024-02-27 12:30:53,2024-02-27,12,8.186718709732378E-5
2024-02-28 06:42:00,2024-02-28 12:12:00,2024-02-28,12,9.415435332339128E-5
2024-02-29 08:04:36,2024-02-29 13:34:36,2024-02-29,13,1.1709304825953032E-4
2024-03-03 07:07:53,2024-03-03 12:37:53,2024-03-03,12,1.5700375661253937E-4
2024-03-04 06:48:59,2024-03-04 12:18:59,2024-03-04,12,1.600727723364437E-4
2024-03-05 06:30:04,2024-03-05 12:00:04,2024-03-05,12,7.471934764848685E-5
2024-03-05 08:11:35,2024-03-05 13:41:35,2024-03-05,13,1.011971039278234E-4
2024-03-06 07:52:41,2024-03-06 13:22:41,2024-03-06,13,1.4234374058549364E-4
2024-03-07 07:33:46,2024-03-07 13:03:46,2024-03-07,13,1.2209789613426453E-4
2024-03-08 07:14:52,2024-03-08 12:44:52,2024-03-08,12,1.267722402644436E-4
2024-03-10 08:18:34,2024-03-10 13:48:34,2024-03-10,13,6.739981105493027E-5
2024-03-11 07:59:40,2024-03-11 13:29:40,2024-03-11,13,1.7888793230688834E-4
2024-03-12 07:40:45,2024-03-12 13:10:45,2024-03-12,13,9.309432248353898E-5
2024-03-13 07:21:51,2024-03-13 12:51:51,2024-03-13,12,1.8819453216026532E-4
2024-03-14 07:02:58,2024-03-14 12:32:58,2024-03-14,12,8.534164124872764E-5
2024-03-15 06:44:04,2024-03-15 12:14:04,2024-03-15,12,8.127201528113854E-5
2024-03-16 08:06:41,2024-03-16 13:36:41,2024-03-16,13,2.231929945620043E-4
2024-03-17 07:47:46,2024-03-17 13:17:46,2024-03-17,13,1.5071546032038055E-4
2024-03-18 07:28:53,2024-03-18 12:58:53,2024-03-18,12,1.449000850196634E-4
2024-03-19 07:10:00,2024-03-19 12:40:00,2024-03-19,12,1.3822087541666195E-4
2024-03-20 06:51:05,2024-03-20 12:21:05,2024-03-20,12,6.798208778491248E-5
2024-03-21 06:32:12,2024-03-21 12:02:12,2024-03-21,12,1.1920753749293132E-4
2024-03-21 08:13:43,2024-03-21 13:43:43,2024-03-21,13,1.22082099551334E-4
2024-03-22 07:54:48,2024-03-22 13:24:48,2024-03-22,13,1.192260759200299E-4
2024-03-25 06:58:06,2024-03-25 12:28:06,2024-03-25,12,5.347160267584693E-5
2024-03-26 08:20:42,2024-03-26 13:50:42,2024-03-26,13,4.085299401455875E-5
2024-03-27 08:01:48,2024-03-27 13:31:48,2024-03-27,13,8.512410349869817E-5
2024-03-28 07:42:54,2024-03-28 13:12:54,2024-03-28,13,1.4005930472838897E-4
2024-03-29 07:24:00,2024-03-29 12:54:00,2024-03-29,12,1.9028407142367214E-4
2024-03-30 07:05:06,2024-03-30 12:35:06,2024-03-30,12,1.2265310821727102E-4
2024-03-31 06:46:12,2024-03-31 12:16:12,2024-03-31,12,1.1471843126199989E-4
2024-04-01 08:08:47,2024-04-01 13:38:47,2024-04-01,13,6.803524870080163E-5
2024-04-02 07:49:52,2024-04-02 13:19:52,2024-04-02,13,1.0919724150019155E-4
2024-04-03 07:30:58,2024-04-03 13:00:58,2024-04-03,13,3.131941930011663E-4
2024-04-04 07:12:03,2024-04-04 12:42:03,2024-04-04,12,1.4477164502762303E-4
2024-04-05 06:53:08,2024-04-05 12:23:08,2024-04-05,12,7.156658398611458E-5
2024-04-06 06:34:14,2024-04-06 12:04:14,2024-04-06,12,7.740606696065566E-5
2024-04-06 08:15:44,2024-04-06 13:45:44,2024-04-06,13,9.2015303380321E-5
2024-04-07 07:56:49,2024-04-07 13:26:49,2024-04-07,13,1.0076281710116716E-4
2024-04-08 07:37:55,2024-04-08 13:07:55,2024-04-08,13,1.2279772488111285E-4
2024-04-09 07:19:00,2024-04-09 12:49:00,2024-04-09,12,3.6715585355309434E-4
2024-04-10 07:00:04,2024-04-10 12:30:04,2024-04-10,12,1.3021150831252847E-4
2024-04-11 08:22:40,2024-04-11 13:52:40,2024-04-11,13,1.393716665916129E-4
2024-04-12 08:03:45,2024-04-12 13:33:45,2024-04-12,13,1.6197309405123256E-4
2024-04-13 07:44:50,2024-04-13 13:14:50,2024-04-13,13,1.820985625593466E-4
2024-04-14 07:25:55,2024-04-14 12:55:55,2024-04-14,12,7.552912066251922E-5
2024-04-16 06:48:04,2024-04-16 12:18:04,2024-04-16,12,9.729599442400692E-5
2024-04-17 08:10:39,2024-04-17 13:40:39,2024-04-17,13,9.358738878078106E-5
2024-04-18 07:51:44,2024-04-18 13:21:44,2024-04-18,13,1.0073129229211599E-4
2024-04-19 07:32:48,2024-04-19 13:02:48,2024-04-19,13,1.276112273525703E-4
2024-04-20 07:13:51,2024-04-20 12:43:51,2024-04-20,12,1.101177421500066E-4
2024-04-21 06:54:56,2024-04-21 12:24:56,2024-04-21,12,7.235943443218398E-5
2024-04-22 06:36:00,2024-04-22 12:06:00,2024-04-22,12,1.0612589186265977E-4
2024-04-22 08:17:30,2024-04-22 13:47:30,2024-04-22,13,8.715563380745575E-5
2024-04-23 07:58:34,2024-04-23 13:28:34,2024-04-23,13,9.780400633122197E-5
2024-04-24 07:39:38,2024-04-24 13:09:38,2024-04-24,13,1.1268613129779342E-4
2024-04-25 07:20:41,2024-04-25 12:50:41,2024-04-25,12,1.3689435257986245E-4
2024-04-26 07:01:45,2024-04-26 12:31:45,2024-04-26,12,1.8591267315046483E-4
2024-04-27 06:42:49,2024-04-27 12:12:49,2024-04-27,12,9.357941598863942E-5
2024-04-27 08:24:18,2024-04-27 13:54:18,2024-04-27,13,8.273304715827939E-5
2024-04-28 08:05:21,2024-04-28 13:35:21,2024-04-28,13,1.0005202172678138E-4
2024-04-29 07:46:23,2024-04-29 13:16:23,2024-04-29,13,1.3951884312494422E-4
2024-04-30 07:27:27,2024-04-30 12:57:27,2024-04-30,12,1.485185550796735E-4
2024-05-01 07:08:30,2024-05-01 12:38:30,2024-05-01,12,1.1384392291061776E-4
2024-05-02 06:49:32,2024-05-02 12:19:32,2024-05-02,12,8.942367268435783E-5
2024-05-03 08:12:05,2024-05-03 13:42:05,2024-05-03,13,8.833839550774668E-5
2024-05-04 07:53:07,2024-05-04 13:23:07,2024-05-04,13,1.9201158590823517E-4
2024-05-05 07:34:10,2024-05-05 13:04:10,2024-05-05,13,1.2957922091932821E-4
2024-05-06 07:15:12,2024-05-06 12:45:12,2024-05-06,12,1.2860749878785798E-4
2024-05-07 06:56:15,2024-05-07 12:26:15,2024-05-07,12,2.0264642447166876E-4
2024-05-08 06:37:16,2024-05-08 12:07:16,2024-05-08,12,1.2909977382930628E-4
2024-05-08 08:18:47,2024-05-08 13:48:47,2024-05-08,13,1.0979356738971159E-4
2024-05-09 07:59:49,2024-05-09 13:29:49,2024-05-09,13,1.0699127027046491E-4
2024-05-10 07:40:51,2024-05-10 13:10:51,2024-05-10,13,1.2701073864928024E-4
2024-05-11 07:21:53,2024-05-11 12:51:53,2024-05-11,12,1.4196856080354696E-4
2024-05-12 07:02:53,2024-05-12 12:32:53,2024-05-12,12,1.6819543247086215E-4
2024-05-13 06:43:55,2024-05-13 12:13:55,2024-05-13,12,1.591871227112902E-4
2024-05-13 08:25:25,2024-05-13 13:55:25,2024-05-13,13,1.0029629052700621E-4
2024-05-14 08:06:26,2024-05-14 13:36:26,2024-05-14,13,1.8086761567375883E-4
2024-05-15 07:47:27,2024-05-15 13:17:27,2024-05-15,13,1.5862818910653012E-4
2024-05-16 07:28:29,2024-05-16 12:58:29,2024-05-16,12,1.9522282106397887E-4
2024-05-17 07:09:29,2024-05-17 12:39:29,2024-05-17,12,1.896776941425145E-4
2024-05-18 06:50:30,2024-05-18 12:20:30,2024-05-18,12,1.7780958300870839E-4
2024-05-19 08:13:00,2024-05-19 13:43:00,2024-05-19,13,9.489356254867081E-5
2024-05-20 07:53:59,2024-05-20 13:23:59,2024-05-20,13,9.781247731366179E-5
2024-05-21 07:35:01,2024-05-21 13:05:01,2024-05-21,13,2.4146732947129696E-4
2024-05-22 07:16:00,2024-05-22 12:46:00,2024-05-22,12,1.1261670103866288E-4
2024-05-23 06:56:59,2024-05-23 12:26:59,2024-05-23,12,1.0023626564816787E-4
2024-05-24 06:37:59,2024-05-24 12:07:59,2024-05-24,12,1.1505017429841943E-4
2024-05-24 08:19:29,2024-05-24 13:49:29,2024-05-24,13,9.963984484783954E-5
2024-05-25 08:00:30,2024-05-25 13:30:30,2024-05-25,13,1.0179511611762474E-4
2024-05-26 07:41:29,2024-05-26 13:11:29,2024-05-26,13,9.791659285780978E-5
2024-05-27 07:22:27,2024-05-27 12:52:27,2024-05-27,12,2.0963041537034588E-4
2024-05-28 07:03:27,2024-05-28 12:33:27,2024-05-28,12,1.318267499504954E-4
2024-05-29 06:44:25,2024-05-29 12:14:25,2024-05-29,12,1.3129137967436447E-4
2024-05-29 08:25:55,2024-05-29 13:55:55,2024-05-29,13,1.2967031472974107E-4
2024-05-30 08:06:54,2024-05-30 13:36:54,2024-05-30,13,1.1550025374162534E-4
2024-05-31 07:47:53,2024-05-31 13:17:53,2024-05-31,13,1.3430399121716144E-4
2024-06-01 07:28:51,2024-06-01 12:58:51,2024-06-01,12,7.636966922517754E-5
2024-06-02 07:09:50,2024-06-02 12:39:50,2024-06-02,12,1.1057128787645857E-4
2024-06-03 06:50:48,2024-06-03 12:20:48,2024-06-03,12,1.2044385221087881E-4
2024-06-04 08:13:16,2024-06-04 13:43:16,2024-06-04,13,9.9934504849363E-5
2024-06-05 07:54:13,2024-06-05 13:24:13,2024-06-05,13,9.640751119473643E-5
2024-06-06 07:35:14,2024-06-06 13:05:14,2024-06-06,13,1.7576497379650932E-4
2024-06-07 07:16:14,2024-06-07 12:46:14,2024-06-07,12,1.4452791806364665E-4
2024-06-08 06:57:15,2024-06-08 12:27:15,2024-06-08,12,7.989055505624682E-5
2024-06-09 06:38:15,2024-06-09 12:08:15,2024-06-09,12,7.587167513268282E-5
2024-06-09 08:19:45,2024-06-09 13:49:45,2024-06-09,13,7.390053944687791E-5
2024-06-11 07:41:45,2024-06-11 13:11:45,2024-06-11,13,1.1765033508753636E-4
2024-06-12 07:22:46,2024-06-12 12:52:46,2024-06-12,12,1.2631770451274147E-4
2024-06-13 07:03:46,2024-06-13 12:33:46,2024-06-13,12,1.0385261898423241E-4
2024-06-14 06:44:46,2024-06-14 12:14:46,2024-06-14,12,6.954284586602744E-5
2024-06-15 08:07:15,2024-06-15 13:37:15,2024-06-15,13,8.417959148007403E-5
2024-06-16 07:48:13,2024-06-16 13:18:13,2024-06-16,13,7.179462885486595E-5
2024-06-17 07:29:14,2024-06-17 12:59:14,2024-06-17,12,8.335702911675136E-5
2024-06-18 07:10:12,2024-06-18 12:40:12,2024-06-18,12,7.79611656176787E-5
2024-06-19 06:51:12,2024-06-19 12:21:12,2024-06-19,12,7.201234257081269E-5
2024-06-30 08:26:21,2024-06-30 13:56:21,2024-06-30,13,5.316419169725569E-5
2024-07-11 08:19:45,2024-07-11 13:49:45,2024-07-11,13,9.122230403590626E-5
2024-07-13 07:41:37,2024-07-13 13:11:37,2024-07-13,13,9.863912319754405E-5
2024-07-14 07:22:33,2024-07-14 12:52:33,2024-07-14,12,1.1002301563712568E-4
2024-07-16 06:44:24,2024-07-16 12:14:24,2024-07-16,12,4.529852594714451E-5
2024-07-16 08:25:53,2024-07-16 13:55:53,2024-07-16,13,6.167467654449648E-5
2024-07-18 07:47:45,2024-07-18 13:17:45,2024-07-18,13,8.18459154421617E-5
2024-07-24 07:34:44,2024-07-24 13:04:44,2024-07-24,13,1.3931246926626815E-4
2024-07-25 07:15:39,2024-07-25 12:45:39,2024-07-25,12,8.083095839122915E-5
2024-07-28 07:59:51,2024-07-28 13:29:51,2024-07-28,13,8.083950524450926E-5
2024-07-29 07:40:46,2024-07-29 13:10:46,2024-07-29,13,5.2981334530587185E-5
2024-07-30 07:21:40,2024-07-30 12:51:40,2024-07-30,12,9.776505673879755E-5
2024-08-03 07:46:43,2024-08-03 13:16:43,2024-08-03,13,4.850099976048593E-5
2024-08-06 06:49:23,2024-08-06 12:19:23,2024-08-06,12,5.360135123157029E-5
2024-08-19 07:45:14,2024-08-19 13:15:14,2024-08-19,13,5.9551142472397445E-5
2024-08-21 07:06:57,2024-08-21 12:36:57,2024-08-21,12,1.1542666594378283E-4
2024-08-22 06:47:48,2024-08-22 12:17:48,2024-08-22,12,5.9570891390262026E-5
2024-08-25 07:31:51,2024-08-25 13:01:51,2024-08-25,13,6.018071872808154E-5
2024-08-30 07:37:35,2024-08-30 13:07:35,2024-08-30,13,8.440102582413605E-5
2024-08-31 07:18:26,2024-08-31 12:48:26,2024-08-31,12,8.402845115036472E-5
2024-09-03 08:02:27,2024-09-03 13:32:27,2024-09-03,13,5.4075549996923235E-5
2024-09-05 07:24:09,2024-09-05 12:54:09,2024-09-05,12,1.1877581048067383E-4
2024-09-07 06:45:57,2024-09-07 12:15:57,2024-09-07,12,1.0451510123115627E-4
2024-09-10 07:30:07,2024-09-10 13:00:07,2024-09-10,13,9.572895119644282E-5
2024-09-15 07:36:01,2024-09-15 13:06:01,2024-09-15,13,7.19410228696732E-5
2024-09-16 07:16:54,2024-09-16 12:46:54,2024-09-16,12,7.057623545637286E-5
2024-09-17 06:57:46,2024-09-17 12:27:46,2024-09-17,12,7.716091352146458E-5
2024-09-20 07:41:53,2024-09-20 13:11:53,2024-09-20,13,1.2082656030543112E-4
2024-09-22 07:03:37,2024-09-22 12:33:37,2024-09-22,12,8.577889840526422E-5
2024-09-26 07:28:36,2024-09-26 12:58:36,2024-09-26,12,1.010043141910464E-4
2024-09-30 07:53:33,2024-09-30 13:23:33,2024-09-30,13,7.378140640200302E-5
2024-10-01 07:34:25,2024-10-01 13:04:25,2024-10-01,13,9.963539965231788E-5
2024-10-02 07:15:16,2024-10-02 12:45:16,2024-10-02,12,7.239077955534338E-5
2024-10-03 06:56:08,2024-10-03 12:26:08,2024-10-03,12,1.162494117104681E-4
2024-10-04 06:37:00,2024-10-04 12:07:00,2024-10-04,12,1.0900095367105725E-4
2024-10-04 08:18:29,2024-10-04 13:48:29,2024-10-04,13,1.2786564184352718E-4
2024-10-05 07:59:21,2024-10-05 13:29:21,2024-10-05,13,1.1292884814006548E-4
2024-10-06 07:40:12,2024-10-06 13:10:12,2024-10-06,13,1.2463983148336373E-4
2024-10-07 07:21:02,2024-10-07 12:51:02,2024-10-07,12,1.236638032910408E-4
2024-10-08 07:01:54,2024-10-08 12:31:54,2024-10-08,12,2.518357085403997E-4
2024-10-09 06:42:44,2024-10-09 12:12:44,2024-10-09,12,1.460981210503128E-4
2024-10-10 08:05:05,2024-10-10 13:35:05,2024-10-10,13,8.639103069719967E-5
2024-10-11 07:45:56,2024-10-11 13:15:56,2024-10-11,13,1.054248488407452E-4
2024-10-12 07:26:47,2024-10-12 12:56:47,2024-10-12,12,1.2854411340906962E-4
2024-10-13 07:07:38,2024-10-13 12:37:38,2024-10-13,12,1.5877630567613424E-4
2024-10-14 06:48:29,2024-10-14 12:18:29,2024-10-14,12,1.6881046393578424E-4
2024-10-15 06:29:20,2024-10-15 11:59:20,2024-10-15,11,1.3775714620557783E-4
2024-10-15 08:10:49,2024-10-15 13:40:49,2024-10-15,13,1.0929314321955679E-4
2024-10-16 07:51:40,2024-10-16 13:21:40,2024-10-16,13,2.3726295367607173E-4
2024-10-17 07:32:30,2024-10-17 13:02:30,2024-10-17,13,1.9416576287371724E-4
2024-10-18 07:13:21,2024-10-18 12:43:21,2024-10-18,12,2.6392760738987983E-4
2024-10-19 06:54:11,2024-10-19 12:24:11,2024-10-19,12,3.143454213246363E-4
2024-10-20 06:35:02,2024-10-20 12:05:02,2024-10-20,12,1.589855205318755E-4
2024-10-20 08:16:32,2024-10-20 13:46:32,2024-10-20,13,1.7109647160395346E-4
2024-10-21 07:57:23,2024-10-21 13:27:23,2024-10-21,13,2.33857743536217E-4
2024-10-22 07:38:14,2024-10-22 13:08:14,2024-10-22,13,1.3442226071764472E-4
2024-10-23 07:19:05,2024-10-23 12:49:05,2024-10-23,12,1.1503836723277158E-4
2024-10-24 06:59:56,2024-10-24 12:29:56,2024-10-24,12,1.4154291032282903E-4
2024-10-25 06:40:46,2024-10-25 12:10:46,2024-10-25,12,1.362699292598127E-4
2024-10-26 08:03:06,2024-10-26 13:33:06,2024-10-26,13,1.2858888658228785E-4
2024-10-27 07:43:57,2024-10-27 13:13:57,2024-10-27,13,1.4166094068385332E-4
2024-10-28 07:24:49,2024-10-28 12:54:49,2024-10-28,12,1.6954969687310118E-4
2024-10-29 07:05:39,2024-10-29 12:35:39,2024-10-29,12,2.0700829682982665E-4
2024-10-30 06:46:30,2024-10-30 12:16:30,2024-10-30,12,3.302210534456995E-4
2024-10-31 06:27:21,2024-10-31 11:57:21,2024-10-31,11,8.037359381367394E-5
2024-10-31 08:08:50,2024-10-31 13:38:50,2024-10-31,13,9.459146525276584E-5
2024-11-01 07:49:40,2024-11-01 13:19:40,2024-11-01,13,1.038446755380902E-4
2024-11-02 07:30:31,2024-11-02 13:00:31,2024-11-02,13,2.736238656739011E-4
2024-11-03 07:11:22,2024-11-03 12:41:22,2024-11-03,12,2.0427293598278992E-4
2024-11-04 06:52:12,2024-11-04 12:22:12,2024-11-04,12,1.9376013687440552E-4
2024-11-05 08:14:32,2024-11-05 13:44:32,2024-11-05,13,1.847796499630956E-4
2024-11-06 07:55:23,2024-11-06 13:25:23,2024-11-06,13,3.581790181860288E-4
2024-11-07 07:36:14,2024-11-07 13:06:14,2024-11-07,13,1.367719835776952E-4
2024-11-08 07:17:04,2024-11-08 12:47:04,2024-11-08,12,1.3140662860776063E-4
2024-11-09 06:57:55,2024-11-09 12:27:55,2024-11-09,12,7.96430749480255E-5
2024-11-11 08:01:05,2024-11-11 13:31:05,2024-11-11,13,2.142913468903399E-4
2024-11-12 07:41:56,2024-11-12 13:11:56,2024-11-12,13,1.5324433193979648E-4
2024-11-13 07:22:46,2024-11-13 12:52:46,2024-11-13,12,1.570972141995237E-4
2024-11-14 07:03:41,2024-11-14 12:33:41,2024-11-14,12,1.3055150919783862E-4
2024-11-15 06:44:35,2024-11-15 12:14:35,2024-11-15,12,1.421369001588154E-4
2024-11-16 08:07:01,2024-11-16 13:37:01,2024-11-16,13,9.077100548892874E-5
2024-11-17 07:47:57,2024-11-17 13:17:57,2024-11-17,13,6.763628334738063E-5
2024-11-20 06:50:47,2024-11-20 12:20:47,2024-11-20,12,1.206476299373907E-4
2024-11-21 06:31:43,2024-11-21 12:01:43,2024-11-21,12,1.1064230399626345E-4
2024-11-21 08:13:13,2024-11-21 13:43:13,2024-11-21,13,1.569768949786812E-4
2024-11-22 07:54:09,2024-11-22 13:24:09,2024-11-22,13,2.2285474040534235E-4
2024-11-23 07:35:05,2024-11-23 13:05:05,2024-11-23,13,1.9896567462619923E-4
2024-11-24 07:16:03,2024-11-24 12:46:03,2024-11-24,12,1.3058164463988358E-4
2024-11-26 06:37:56,2024-11-26 12:07:56,2024-11-26,12,9.010768845391426E-5
2024-11-27 08:00:22,2024-11-27 13:30:22,2024-11-27,13,1.0479034813718975E-4
2024-11-28 07:41:20,2024-11-28 13:11:20,2024-11-28,13,1.3624269736999597E-4
2024-11-29 07:22:17,2024-11-29 12:52:17,2024-11-29,12,2.0659940385453693E-4
2024-11-30 07:03:14,2024-11-30 12:33:14,2024-11-30,12,1.2485942089303332E-4
2024-12-01 06:44:11,2024-12-01 12:14:11,2024-12-01,12,1.873855660631961E-4
2024-12-02 06:25:08,2024-12-02 11:55:08,2024-12-02,11,1.1602251927289913E-4
2024-12-02 08:06:37,2024-12-02 13:36:37,2024-12-02,13,1.2345417053438265E-4
2024-12-03 07:47:35,2024-12-03 13:17:35,2024-12-03,13,1.128728176468884E-4
2024-12-04 07:28:32,2024-12-04 12:58:32,2024-12-04,12,1.1003018492636842E-4
2024-12-05 07:09:30,2024-12-05 12:39:30,2024-12-05,12,1.5380176668769883E-4
2024-12-06 06:50:28,2024-12-06 12:20:28,2024-12-06,12,1.3630808077695606E-4
2024-12-07 06:31:25,2024-12-07 12:01:25,2024-12-07,12,2.341024490976421E-4
2024-12-07 08:12:55,2024-12-07 13:42:55,2024-12-07,13,1.8953454090999357E-4
2024-12-08 07:53:52,2024-12-08 13:23:52,2024-12-08,13,8.993612528795669E-5
2024-12-09 07:34:52,2024-12-09 13:04:52,2024-12-09,13,3.4134778650432915E-4
2024-12-10 07:15:49,2024-12-10 12:45:49,2024-12-10,12,1.5098934662485E-4
2024-12-11 06:56:47,2024-12-11 12:26:47,2024-12-11,12,1.2274331588365794E-4
2024-12-12 06:37:46,2024-12-12 12:07:46,2024-12-12,12,1.990399032365456E-4
2024-12-13 08:00:14,2024-12-13 13:30:14,2024-12-13,13,8.525046904172805E-5
2024-12-14 07:41:13,2024-12-14 13:11:13,2024-12-14,13,1.7770694615768404E-4
2024-12-15 07:22:11,2024-12-15 12:52:11,2024-12-15,12,2.50464543830653E-4
2024-12-16 07:03:10,2024-12-16 12:33:10,2024-12-16,12,3.1563853544528493E-4
2024-12-17 06:44:08,2024-12-17 12:14:08,2024-12-17,12,2.0679049683359994E-4
2024-12-18 08:06:38,2024-12-18 13:36:38,2024-12-18,13,2.805993434534123E-4
2024-12-19 07:47:37,2024-12-19 13:17:37,2024-12-19,13,1.1122187264306015E-4
2024-12-20 07:28:36,2024-12-20 12:58:36,2024-12-20,12,1.4621676690507778E-4
2024-12-21 07:09:36,2024-12-21 12:39:36,2024-12-21,12,1.1902247668499002E-4
2024-12-22 06:50:34,2024-12-22 12:20:34,2024-12-22,12,2.6417056262151273E-4
2024-12-25 07:35:03,2024-12-25 13:05:03,2024-12-25,13,1.4103438391222922E-4
2024-12-26 07:16:03,2024-12-26 12:46:03,2024-12-26,12,2.345369018233282E-4
2024-12-30 07:41:33,2024-12-30 13:11:33,2024-12-30,13,1.4098508023996682E-4
2024-12-31 07:22:33,2024-12-31 12:52:33,2024-12-31,12,3.5059068602027516E-4
2025-01-01 07:03:34,2025-01-01 12:33:34,2025-01-01,12,1.728118544673021E-4
2025-01-03 08:07:05,2025-01-03 13:37:05,2025-01-03,13,2.5892828125505675E-4
2025-01-04 07:48:05,2025-01-04 13:18:05,2025-01-04,13,3.352888964177117E-4
2025-01-05 07:29:05,2025-01-05 12:59:05,2025-01-05,12,2.0275257124075896E-4
2025-01-08 06:32:08,2025-01-08 12:02:08,2025-01-08,12,1.4993242776887897E-4
2025-01-08 08:13:38,2025-01-08 13:43:38,2025-01-08,13,1.2237160682269344E-4
2025-01-09 07:54:39,2025-01-09 13:24:39,2025-01-09,13,5.174040394505297E-4
2025-01-10 07:35:41,2025-01-10 13:05:41,2025-01-10,13,1.9457929110854526E-4
2025-01-13 06:38:45,2025-01-13 12:08:45,2025-01-13,12,1.1388717429709095E-4
2025-01-14 08:01:16,2025-01-14 13:31:16,2025-01-14,13,1.7002134700305126E-4
2025-01-16 07:23:19,2025-01-16 12:53:19,2025-01-16,12,3.484137985583489E-4
2025-01-17 07:04:21,2025-01-17 12:34:21,2025-01-17,12,1.753364191627742E-4
2025-01-18 06:45:23,2025-01-18 12:15:23,2025-01-18,12,4.130560555495168E-4
2025-01-19 06:26:24,2025-01-19 11:56:24,2025-01-19,11,1.5662967834350307E-4
2025-01-19 08:07:55,2025-01-19 13:37:55,2025-01-19,13,9.782055297342136E-5
2025-01-20 07:48:58,2025-01-20 13:18:58,2025-01-20,13,9.168074757326054E-5
2025-01-21 07:29:59,2025-01-21 12:59:59,2025-01-21,12,1.3888853366563403E-4
2025-01-22 07:11:01,2025-01-22 12:41:01,2025-01-22,12,1.49488158739809E-4
2025-01-23 06:52:03,2025-01-23 12:22:03,2025-01-23,12,1.0664590047680023E-4
2025-01-24 06:33:05,2025-01-24 12:03:05,2025-01-24,12,1.0324800527183218E-4
2025-01-24 08:14:36,2025-01-24 13:44:36,2025-01-24,13,1.0146011756705174E-4
2025-01-25 07:55:38,2025-01-25 13:25:38,2025-01-25,13,1.173081517060927E-4
2025-01-26 07:36:41,2025-01-26 13:06:41,2025-01-26,13,9.531067420589088E-5
2025-01-27 07:17:43,2025-01-27 12:47:43,2025-01-27,12,1.2334351430698972E-4
2025-01-28 06:58:46,2025-01-28 12:28:46,2025-01-28,12,1.7616715099000579E-4
2025-01-29 06:39:48,2025-01-29 12:09:48,2025-01-29,12,2.1462816789709994E-4
2025-01-30 08:02:22,2025-01-30 13:32:22,2025-01-30,13,1.0028230255329696E-4
2025-01-31 07:43:23,2025-01-31 13:13:23,2025-01-31,13,2.321347873420671E-4
2025-02-01 07:24:27,2025-02-01 12:54:27,2025-02-01,12,2.7682993012653284E-4
2025-02-02 07:05:29,2025-02-02 12:35:29,2025-02-02,12,9.336743138074016E-5
2025-02-03 06:46:33,2025-02-03 12:16:33,2025-02-03,12,1.5071873402197112E-4
2025-02-05 07:50:08,2025-02-05 13:20:08,2025-02-05,13,6.331604128477562E-5
2025-02-06 07:31:12,2025-02-06 13:01:12,2025-02-06,13,6.522130532725631E-5
2025-02-07 07:12:15,2025-02-07 12:42:15,2025-02-07,12,1.1580896702586981E-4
2025-02-08 06:53:18,2025-02-08 12:23:18,2025-02-08,12,1.183795130211737E-4
2025-02-09 06:34:21,2025-02-09 12:04:21,2025-02-09,12,2.1852528152520887E-4
2025-02-09 08:15:52,2025-02-09 13:45:52,2025-02-09,13,1.252498041139869E-4
2025-02-10 07:56:55,2025-02-10 13:26:55,2025-02-10,13,1.9823033653664594E-4
2025-02-11 07:37:58,2025-02-11 13:07:58,2025-02-11,13,2.2120233916211052E-4
2025-02-12 07:19:01,2025-02-12 12:49:01,2025-02-12,12,7.403295788859516E-5
2025-02-13 07:00:05,2025-02-13 12:30:05,2025-02-13,12,7.973502688845508E-5
2025-02-14 06:41:08,2025-02-14 12:11:08,2025-02-14,12,7.654653867005792E-5
2025-02-15 08:03:41,2025-02-15 13:33:41,2025-02-15,13,1.0483861115062218E-4
2025-02-16 07:44:45,2025-02-16 13:14:45,2025-02-16,13,5.307379759399306E-4
2025-02-17 07:25:49,2025-02-17 12:55:49,2025-02-17,12,4.0654274740768297E-4
2025-02-18 07:06:52,2025-02-18 12:36:52,2025-02-18,12,1.6599115908642095E-4
2025-02-19 06:47:56,2025-02-19 12:17:56,2025-02-19,12,1.4146696771301037E-4
2025-02-20 06:28:59,2025-02-20 11:58:59,2025-02-20,11,9.566472726873698E-5
2025-02-20 08:10:30,2025-02-20 13:40:30,2025-02-20,13,1.0384520282968491E-4
2025-02-21 07:51:34,2025-02-21 13:21:34,2025-02-21,13,3.7028670157003183E-4
2025-02-22 07:32:37,2025-02-22 13:02:37,2025-02-22,13,1.6695919567273932E-4
2025-02-23 07:13:41,2025-02-23 12:43:41,2025-02-23,12,1.3876828230118956E-4
2025-02-24 06:54:44,2025-02-24 12:24:44,2025-02-24,12,1.5064031230020198E-4
2025-02-25 06:35:48,2025-02-25 12:05:48,2025-02-25,12,1.208701044421843E-4
2025-02-25 08:17:18,2025-02-25 13:47:18,2025-02-25,13,1.581716787768469E-4
2025-02-26 07:58:22,2025-02-26 13:28:22,2025-02-26,13,1.4567534225164126E-4
2025-02-28 07:20:30,2025-02-28 12:50:30,2025-02-28,12,7.669730909146224E-5
2025-03-01 07:01:33,2025-03-01 12:31:33,2025-03-01,12,2.689158800273185E-4
2025-03-02 06:42:37,2025-03-02 12:12:37,2025-03-02,12,8.380343933822593E-5
2025-03-03 08:05:10,2025-03-03 13:35:10,2025-03-03,13,2.6148136698310145E-4
2025-03-04 07:46:14,2025-03-04 13:16:14,2025-03-04,13,8.259169320894997E-5
2025-03-05 07:27:17,2025-03-05 12:57:17,2025-03-05,12,8.272411187013097E-5
2025-03-06 07:08:22,2025-03-06 12:38:22,2025-03-06,12,1.2370885870441442E-4
2025-03-07 06:49:24,2025-03-07 12:19:24,2025-03-07,12,9.736550222890508E-5
2025-03-08 06:30:29,2025-03-08 12:00:29,2025-03-08,12,8.689266415318066E-5
2025-03-08 08:11:59,2025-03-08 13:41:59,2025-03-08,13,1.0388402817285357E-4
2025-03-09 07:53:03,2025-03-09 13:23:03,2025-03-09,13,1.2902793499336887E-4
2025-03-10 07:34:07,2025-03-10 13:04:07,2025-03-10,13,1.1750200345944662E-4
2025-03-12 06:56:14,2025-03-12 12:26:14,2025-03-12,12,1.571188342293559E-4
2025-03-13 06:37:19,2025-03-13 12:07:19,2025-03-13,12,2.3248272360901467E-4
2025-03-13 08:18:49,2025-03-13 13:48:49,2025-03-13,13,2.1385706596650482E-4
2025-03-14 07:59:55,2025-03-14 13:29:55,2025-03-14,13,1.0284496179359345E-4
2025-03-15 07:41:03,2025-03-15 13:11:03,2025-03-15,13,1.4914426092258248E-4
2025-03-16 07:22:10,2025-03-16 12:52:10,2025-03-16,12,1.2084606147551896E-4
2025-03-17 07:03:15,2025-03-17 12:33:15,2025-03-17,12,1.0749742757312337E-4
2025-03-18 06:44:22,2025-03-18 12:14:22,2025-03-18,12,7.3107327608225E-5
2025-03-19 08:06:59,2025-03-19 13:36:59,2025-03-19,13,9.423929675653368E-5
2025-03-20 07:48:05,2025-03-20 13:18:05,2025-03-20,13,1.3588272930943938E-4
2025-03-21 07:29:11,2025-03-21 12:59:11,2025-03-21,12,9.038501575079503E-5
2025-03-22 07:10:18,2025-03-22 12:40:18,2025-03-22,12,1.1577715284934515E-4
2025-03-23 06:51:24,2025-03-23 12:21:24,2025-03-23,12,1.4516757780237067E-4
2025-03-24 06:32:29,2025-03-24 12:02:29,2025-03-24,12,1.781235766088896E-4
2025-03-24 08:14:00,2025-03-24 13:44:00,2025-03-24,13,1.7332844949726603E-4
2025-03-25 07:55:06,2025-03-25 13:25:06,2025-03-25,13,1.7964109779785792E-4
2025-03-26 07:36:12,2025-03-26 13:06:12,2025-03-26,13,2.1151282478078476E-4
2025-03-27 07:17:18,2025-03-27 12:47:18,2025-03-27,12,9.252389635275504E-5
2025-03-28 06:58:24,2025-03-28 12:28:24,2025-03-28,12,1.056859844892608E-4
2025-03-30 08:02:06,2025-03-30 13:32:06,2025-03-30,13,1.0086140523357914E-4
2025-03-31 07:43:11,2025-03-31 13:13:11,2025-03-31,13,9.07364848871398E-5
2025-04-01 07:24:17,2025-04-01 12:54:17,2025-04-01,12,1.1273329886757458E-4
2025-04-02 07:05:23,2025-04-02 12:35:23,2025-04-02,12,1.2954810157336682E-4
2025-04-03 06:46:28,2025-04-03 12:16:28,2025-04-03,12,1.6329357777411694E-4
2025-04-04 08:09:04,2025-04-04 13:39:04,2025-04-04,13,1.2724358156968396E-4
2025-04-05 07:50:09,2025-04-05 13:20:09,2025-04-05,13,1.0952239609718976E-4
2025-04-06 07:31:14,2025-04-06 13:01:14,2025-04-06,13,1.1700901279615901E-4
2025-04-07 07:12:20,2025-04-07 12:42:20,2025-04-07,12,1.6010307316256006E-4
2025-04-08 06:53:24,2025-04-08 12:23:24,2025-04-08,12,1.282800758072907E-4
2025-04-09 06:34:30,2025-04-09 12:04:30,2025-04-09,12,1.2340115299473166E-4
2025-04-09 08:16:00,2025-04-09 13:46:00,2025-04-09,13,1.340078160865222E-4
2025-04-10 07:57:07,2025-04-10 13:27:07,2025-04-10,13,1.6915019487422853E-4
2025-04-11 07:38:14,2025-04-11 13:08:14,2025-04-11,13,1.3872951333268236E-4
2025-04-12 07:19:22,2025-04-12 12:49:22,2025-04-12,12,1.9061667568701812E-4
2025-04-13 07:00:28,2025-04-13 12:30:28,2025-04-13,12,1.5671682194806053E-4
2025-04-14 06:41:36,2025-04-14 12:11:36,2025-04-14,12,1.2399969273246364E-4
2025-04-14 08:23:05,2025-04-14 13:53:05,2025-04-14,13,1.420943477523446E-4
2025-04-15 08:04:13,2025-04-15 13:34:13,2025-04-15,13,1.4568965707439387E-4
2025-04-16 07:45:20,2025-04-16 13:15:20,2025-04-16,13,8.462283410677871E-5
2025-04-17 07:26:26,2025-04-17 12:56:26,2025-04-17,12,1.3783631365391836E-4
2025-04-18 07:07:33,2025-04-18 12:37:33,2025-04-18,12,1.3068705613731188E-4
2025-04-19 06:48:40,2025-04-19 12:18:40,2025-04-19,12,9.054749536420114E-5
2025-04-21 07:52:23,2025-04-21 13:22:23,2025-04-21,13,1.744322071317522E-4
2025-04-22 07:33:30,2025-04-22 13:03:30,2025-04-22,13,1.5536809808517593E-4
2025-04-23 07:14:36,2025-04-23 12:44:36,2025-04-23,12,1.3383492282326983E-4
2025-04-24 06:55:41,2025-04-24 12:25:41,2025-04-24,12,1.4133661627933075E-4
2025-04-25 06:36:47,2025-04-25 12:06:47,2025-04-25,12,1.2719999478565135E-4
2025-04-25 08:18:18,2025-04-25 13:48:18,2025-04-25,13,1.1182216985616439E-4
2025-04-27 07:40:30,2025-04-27 13:10:30,2025-04-27,13,1.8029621583133914E-4
2025-04-28 07:21:36,2025-04-28 12:51:36,2025-04-28,12,1.5643693957115195E-4
2025-04-29 07:02:42,2025-04-29 12:32:42,2025-04-29,12,1.3159730416877058E-4
2025-04-30 06:43:48,2025-04-30 12:13:48,2025-04-30,12,1.3496783797475818E-4
2025-04-30 08:25:18,2025-04-30 13:55:18,2025-04-30,13,1.1475219193500636E-4
2025-05-01 08:06:23,2025-05-01 13:36:23,2025-05-01,13,1.0530274998514228E-4
2025-05-03 07:28:34,2025-05-03 12:58:34,2025-05-03,12,1.874377450729266E-4
2025-05-06 08:13:20,2025-05-06 13:43:20,2025-05-06,13,1.283678937375207E-4
2025-05-07 07:54:24,2025-05-07 13:24:24,2025-05-07,13,1.0877690490611325E-4
2025-05-08 07:35:28,2025-05-08 13:05:28,2025-05-08,13,1.090876742072025E-4
2025-05-09 07:16:33,2025-05-09 12:46:33,2025-05-09,12,1.3833961809035366E-4
2025-05-11 06:38:41,2025-05-11 12:08:41,2025-05-11,12,8.070600671805425E-5
2025-05-11 08:20:12,2025-05-11 13:50:12,2025-05-11,13,9.09589014827909E-5
2025-05-12 08:01:15,2025-05-12 13:31:15,2025-05-12,13,9.896127448882561E-5
2025-05-13 07:42:19,2025-05-13 13:12:19,2025-05-13,13,1.1124405410445613E-4
2025-05-14 07:23:24,2025-05-14 12:53:24,2025-05-14,12,1.1167590992495907E-4
2025-05-15 07:04:28,2025-05-15 12:34:28,2025-05-15,12,9.239715666869693E-5
2025-05-16 06:45:32,2025-05-16 12:15:32,2025-05-16,12,1.364017098427158E-4
2025-05-16 08:27:01,2025-05-16 13:57:01,2025-05-16,13,1.2504292403573883E-4
2025-05-17 08:08:05,2025-05-17 13:38:05,2025-05-17,13,8.488974386939847E-5
2025-05-18 07:49:08,2025-05-18 13:19:08,2025-05-18,13,1.2300281000187876E-4
2025-05-19 07:30:12,2025-05-19 13:00:12,2025-05-19,13,1.0272176387933966E-4
2025-05-20 07:11:16,2025-05-20 12:41:16,2025-05-20,12,1.2830446034289717E-4
2025-05-21 06:52:19,2025-05-21 12:22:19,2025-05-21,12,1.265974743887049E-4
2025-05-22 08:14:51,2025-05-22 13:44:51,2025-05-22,13,6.047288970390471E-5
2025-05-23 07:55:55,2025-05-23 13:25:55,2025-05-23,13,9.130443471086051E-5
2025-05-24 07:36:57,2025-05-24 13:06:57,2025-05-24,13,8.927350313065159E-5
2025-05-26 06:59:03,2025-05-26 12:29:03,2025-05-26,12,6.547864961995006E-5
2025-05-28 08:02:38,2025-05-28 13:32:38,2025-05-28,13,1.09107940414003E-4
2025-05-29 07:43:39,2025-05-29 13:13:39,2025-05-29,13,1.8083206643822563E-4
2025-05-31 07:05:43,2025-05-31 12:35:43,2025-05-31,12,1.9506871200630207E-4
2025-06-01 06:46:45,2025-06-01 12:16:45,2025-06-01,12,1.0757178221621201E-4
2025-06-01 08:28:15,2025-06-01 13:58:15,2025-06-01,13,7.91520142229246E-5
2025-06-02 08:09:17,2025-06-02 13:39:17,2025-06-02,13,9.060946882889656E-5
2025-06-04 07:31:20,2025-06-04 13:01:20,2025-06-04,13,2.6537349888631974E-4
2025-06-05 07:12:20,2025-06-05 12:42:20,2025-06-05,12,1.7248875143125844E-4
2025-06-06 06:53:22,2025-06-06 12:23:22,2025-06-06,12,1.314918153064719E-4
2025-06-07 08:15:53,2025-06-07 13:45:53,2025-06-07,13,8.642637895437727E-5
2025-06-08 07:56:53,2025-06-08 13:26:53,2025-06-08,13,9.943120676325282E-5
2025-06-09 07:37:53,2025-06-09 13:07:53,2025-06-09,13,9.255048647822125E-5
2025-06-10 07:18:54,2025-06-10 12:48:54,2025-06-10,12,8.731077734019249E-5
2025-06-11 06:59:54,2025-06-11 12:29:54,2025-06-11,12,8.12440180888437E-5
2025-06-12 06:40:55,2025-06-12 12:10:55,2025-06-12,12,1.083423154932363E-4
2025-06-12 08:31:46,2025-06-12 14:01:46,2025-06-12,14,1.1242142091344615E-4
2025-06-13 08:03:25,2025-06-13 13:33:25,2025-06-13,13,7.232295507297874E-5
2025-06-14 07:44:25,2025-06-14 13:14:25,2025-06-14,13,1.3255794570757513E-4
2025-06-15 07:25:25,2025-06-15 12:55:25,2025-06-15,12,8.330531674208005E-5
2025-06-19 07:50:54,2025-06-19 13:20:54,2025-06-19,13,8.7889290128938E-5
2025-06-21 07:12:52,2025-06-21 12:42:52,2025-06-21,12,7.040861985952362E-5
2025-06-26 07:19:16,2025-06-26 12:49:16,2025-06-26,12,6.042513222044958E-5
2025-06-27 07:00:14,2025-06-27 12:30:14,2025-06-27,12,6.736184206993728E-5
2025-07-02 07:06:34,2025-07-02 12:36:34,2025-07-02,12,8.938550048286145E-5
2025-07-07 07:12:51,2025-07-07 12:42:51,2025-07-07,12,9.908504580380045E-5
2025-07-13 07:00:02,2025-07-13 12:30:02,2025-07-13,12,1.1373481567443905E-4
2025-07-18 07:06:14,2025-07-18 12:36:14,2025-07-18,12,3.6082731472757884E-5
2025-07-24 06:53:17,2025-07-24 12:23:17,2025-07-24,12,5.183567722081033E-5
2025-07-25 08:15:43,2025-07-25 13:45:43,2025-07-25,13,7.265158328887118E-5
2025-07-26 07:56:39,2025-07-26 13:26:39,2025-07-26,13,1.1950575458363549E-4
2025-07-27 07:37:34,2025-07-27 13:07:34,2025-07-27,13,6.391564110674759E-5
2025-08-06 07:49:40,2025-08-06 13:19:40,2025-08-06,13,6.807701227618912E-5
2025-08-07 07:30:35,2025-08-07 13:00:35,2025-08-07,13,7.880376696863808E-5
2025-08-08 07:11:29,2025-08-08 12:41:29,2025-08-08,12,6.007452612048399E-5
2025-08-12 07:36:34,2025-08-12 13:06:34,2025-08-12,13,5.21368369676279E-5
2025-08-13 07:17:27,2025-08-13 12:47:27,2025-08-13,12,6.117082120893131E-5
2025-08-18 07:23:26,2025-08-18 12:53:26,2025-08-18,12,5.640027526661875E-5
2025-08-20 06:45:12,2025-08-20 12:15:12,2025-08-20,12,5.3284344529912236E-5
2025-08-20 08:26:42,2025-08-20 13:56:42,2025-08-20,13,6.328336228102945E-5
2025-08-23 07:29:22,2025-08-23 12:59:22,2025-08-23,12,6.389153725104243E-5
2025-09-06 08:06:07,2025-09-06 13:36:07,2025-09-06,13,5.0366404218097794E-5
2025-09-08 07:27:51,2025-09-08 12:57:51,2025-09-08,12,9.155718260614894E-5
2025-09-09 07:08:43,2025-09-09 12:38:43,2025-09-09,12,7.361817744296015E-5
2025-09-10 06:49:35,2025-09-10 12:19:35,2025-09-10,12,5.0310653526764E-5
2025-09-11 08:11:56,2025-09-11 13:41:56,2025-09-11,13,6.56516640447075E-5
2025-09-13 07:33:40,2025-09-13 13:03:40,2025-09-13,13,8.250850016468479E-5
2025-09-15 06:55:23,2025-09-15 12:25:23,2025-09-15,12,7.579943880742198E-5
2025-09-16 06:36:16,2025-09-16 12:06:16,2025-09-16,12,1.0262447538699724E-4
2025-09-19 07:20:19,2025-09-19 12:50:19,2025-09-19,12,7.966661946399021E-5
2025-09-20 07:01:10,2025-09-20 12:31:10,2025-09-20,12,9.284928917606869E-5
2025-09-21 06:42:02,2025-09-21 12:12:02,2025-09-21,12,6.379357102594832E-5
2025-09-21 08:23:32,2025-09-21 13:53:32,2025-09-21,13,6.849175502282912E-5
2025-09-22 08:04:24,2025-09-22 13:34:24,2025-09-22,13,6.356831727316554E-5
2025-09-23 07:45:14,2025-09-23 13:15:14,2025-09-23,13,6.802464332789424E-5
2025-09-24 07:26:06,2025-09-24 12:56:06,2025-09-24,12,8.858821383708214E-5
2025-09-25 07:06:58,2025-09-25 12:36:58,2025-09-25,12,1.0448016372581692E-4
2025-09-26 06:47:49,2025-09-26 12:17:49,2025-09-26,12,6.690593047773631E-5
2025-09-27 08:10:09,2025-09-27 13:40:09,2025-09-27,13,1.7919328108376286E-4
2025-09-28 07:51:00,2025-09-28 13:21:00,2025-09-28,13,1.1015779988255443E-4
2025-09-29 07:31:51,2025-09-29 13:01:51,2025-09-29,13,8.520748992154524E-5
2025-10-01 06:53:33,2025-10-01 12:23:33,2025-10-01,12,8.319161003506819E-5
2025-10-04 07:37:35,2025-10-04 13:07:35,2025-10-04,13,1.1489600318243873E-4
2025-10-05 07:18:27,2025-10-05 12:48:27,2025-10-05,12,8.413216493293934E-5
2025-10-07 06:40:07,2025-10-07 12:10:07,2025-10-07,12,7.250929181895956E-5
2025-10-08 08:02:28,2025-10-08 13:32:28,2025-10-08,13,1.0112114504593075E-4
2025-10-09 07:43:18,2025-10-09 13:13:18,2025-10-09,13,7.447346568019855E-5
2025-10-10 07:24:10,2025-10-10 12:54:10,2025-10-10,12,1.263918624658333E-4
2025-10-11 07:04:59,2025-10-11 12:34:59,2025-10-11,12,1.1516310175355061E-4
2025-10-12 06:45:51,2025-10-12 12:15:51,2025-10-12,12,9.708272207689256E-5
2025-10-13 08:08:10,2025-10-13 13:38:10,2025-10-13,13,1.069254343180528E-4
2025-10-14 07:49:01,2025-10-14 13:19:01,2025-10-14,13,1.2345865272198896E-4
2025-10-15 07:29:52,2025-10-15 12:59:52,2025-10-15,12,1.6962784969365796E-4
2025-10-16 07:10:42,2025-10-16 12:40:42,2025-10-16,12,1.4394322104653045E-4
2025-10-17 06:51:34,2025-10-17 12:21:34,2025-10-17,12,1.0329473934617019E-4
2025-10-18 08:13:53,2025-10-18 13:43:53,2025-10-18,13,1.445684459179286E-4
2025-10-19 07:54:45,2025-10-19 13:24:45,2025-10-19,13,1.857835643642006E-4
2025-10-20 07:35:34,2025-10-20 13:05:34,2025-10-20,13,1.4665120889027867E-4
2025-11-04 07:53:36,2025-11-04 13:23:36,2025-11-04,13,1.2462553934143608E-4
2025-11-05 07:34:31,2025-11-05 13:04:31,2025-11-05,13,1.284745144857397E-4
2025-11-06 07:15:26,2025-11-06 12:45:26,2025-11-06,12,1.3601899867345216E-4
2025-11-07 06:56:21,2025-11-07 12:26:21,2025-11-07,12,1.0138780934687273E-4
2025-11-08 06:37:17,2025-11-08 12:07:17,2025-11-08,12,8.506696189829779E-5
2025-11-08 08:18:46,2025-11-08 13:48:46,2025-11-08,13,9.744799223514265E-5
2025-11-09 07:59:42,2025-11-09 13:29:42,2025-11-09,13,8.113087227079551E-5
2025-11-10 07:40:37,2025-11-10 13:10:37,2025-11-10,13,1.2162472623564389E-4
2025-11-11 07:21:32,2025-11-11 12:51:32,2025-11-11,12,1.3144238880397763E-4
2025-11-12 07:02:28,2025-11-12 12:32:28,2025-11-12,12,1.0576507227162777E-4
2025-11-13 06:43:24,2025-11-13 12:13:24,2025-11-13,12,9.879789909693195E-5
2025-11-14 08:05:49,2025-11-14 13:35:49,2025-11-14,13,1.475037715863382E-4
2025-11-15 07:46:45,2025-11-15 13:16:45,2025-11-15,13,1.1291872215224011E-4
2025-11-16 07:27:41,2025-11-16 12:57:41,2025-11-16,12,1.1260104549166904E-4
2025-11-17 07:08:36,2025-11-17 12:38:36,2025-11-17,12,1.276229055929323E-4
2025-11-18 06:49:32,2025-11-18 12:19:32,2025-11-18,12,1.3886882694959216E-4
2025-11-19 08:11:57,2025-11-19 13:41:57,2025-11-19,13,2.1639391355572147E-4
2025-11-20 07:52:53,2025-11-20 13:22:53,2025-11-20,13,2.0802653489301626E-4
2025-11-21 07:33:50,2025-11-21 13:03:50,2025-11-21,13,1.6190952307708947E-4
2025-11-22 07:14:47,2025-11-22 12:44:47,2025-11-22,12,1.4092104539750272E-4
2025-11-23 06:55:43,2025-11-23 12:25:43,2025-11-23,12,2.887690106070321E-4
2025-11-24 06:36:39,2025-11-24 12:06:39,2025-11-24,12,1.994154868158322E-4
2025-11-24 08:18:10,2025-11-24 13:48:10,2025-11-24,13,8.406188135267855E-5
2025-11-25 07:59:06,2025-11-25 13:29:06,2025-11-25,13,9.45177368487053E-5
2025-11-26 07:40:04,2025-11-26 13:10:04,2025-11-26,13,1.4995525262412503E-4
2025-11-27 07:21:00,2025-11-27 12:51:00,2025-11-27,12,2.8599794634544143E-4
2025-11-28 07:01:57,2025-11-28 12:31:57,2025-11-28,12,1.488122345869442E-4
2025-11-29 06:42:54,2025-11-29 12:12:54,2025-11-29,12,8.059858131142519E-5
2025-12-01 07:46:19,2025-12-01 13:16:19,2025-12-01,13,2.3633522724975228E-4
2025-12-02 07:27:15,2025-12-02 12:57:15,2025-12-02,12,2.2207131393230486E-4
2025-12-03 07:08:13,2025-12-03 12:38:13,2025-12-03,12,1.1630692157920792E-4
2025-12-04 06:49:12,2025-12-04 12:19:12,2025-12-04,12,2.065722902415516E-4
2025-12-05 06:30:09,2025-12-05 12:00:09,2025-12-05,12,1.9058435739197606E-4
2025-12-05 08:11:40,2025-12-05 13:41:40,2025-12-05,13,1.2146584437774947E-4
2025-12-06 07:52:37,2025-12-06 13:22:37,2025-12-06,13,9.547796592216426E-5
2025-12-07 07:33:35,2025-12-07 13:03:35,2025-12-07,13,1.1722779707646761E-4
2025-12-08 07:14:33,2025-12-08 12:44:33,2025-12-08,12,1.2175202139025767E-4
2025-12-09 06:55:31,2025-12-09 12:25:31,2025-12-09,12,1.4469961779118662E-4
2025-12-10 06:36:29,2025-12-10 12:06:29,2025-12-10,12,1.482678026064244E-4
2025-12-10 08:18:00,2025-12-10 13:48:00,2025-12-10,13,1.2472237974749833E-4
2025-12-11 07:58:57,2025-12-11 13:28:57,2025-12-11,13,1.717076520435448E-4
2025-12-12 07:39:57,2025-12-12 13:09:57,2025-12-12,13,3.056462137678883E-4
2025-12-13 07:20:55,2025-12-13 12:50:55,2025-12-13,12,4.0405918675590096E-4
2025-12-15 06:42:53,2025-12-15 12:12:53,2025-12-15,12,1.554602154684614E-4
2025-12-16 08:05:22,2025-12-16 13:35:22,2025-12-16,13,9.112062485309084E-5
2025-12-17 07:46:21,2025-12-17 13:16:21,2025-12-17,13,1.2041703303111269E-4
2025-12-18 07:27:21,2025-12-18 12:57:21,2025-12-18,12,2.718026854603837E-4
2025-12-19 07:08:21,2025-12-19 12:38:21,2025-12-19,12,3.437343872004536E-4
2025-12-21 08:11:50,2025-12-21 13:41:50,2025-12-21,13,2.5966744645137337E-4
2025-12-22 07:52:50,2025-12-22 13:22:50,2025-12-22,13,2.8424654507803814E-4
2025-12-23 07:33:50,2025-12-23 13:03:50,2025-12-23,13,1.462599798283505E-4
2025-12-24 07:14:50,2025-12-24 12:44:50,2025-12-24,12,1.2650915530758395E-4
2025-12-25 06:55:51,2025-12-25 12:25:51,2025-12-25,12,2.1609979332795588E-4
2025-12-26 06:36:50,2025-12-26 12:06:50,2025-12-26,12,2.351220073768847E-4
2025-12-26 08:18:21,2025-12-26 13:48:21,2025-12-26,13,1.7321286191736076E-4
2025-12-27 07:59:22,2025-12-27 13:29:22,2025-12-27,13,1.8119538870932562E-4
2025-12-28 07:40:21,2025-12-28 13:10:21,2025-12-28,13,1.8071069810403147E-4
2025-12-29 07:21:23,2025-12-29 12:51:23,2025-12-29,12,2.725167274918891E-4
2025-12-30 07:02:23,2025-12-30 12:32:23,2025-12-30,12,3.705697206209642E-4
